name,sumPlacement,amountJoined,amountTopped
Altulo,26,2,1
Palazuelos,85,4,1
Magic Trumpet Man,3,1,1
Summers,91,4,2
Enif,5,1,1
RickX,390,2,1
z0mfg,7,1,1
OsoPalita3,40,2,1
Kuzanagi,18,2,1
Zeppo,9,1,0
Shuflux,9,1,0
Sebacena,13,2,1
Erv,13,1,0
Awer555,78,2,0
Hgrb,13,1,0
Grima,13,1,0
SCMC,17,1,0
Juan Andres,17,1,0
S1rlo,17,1,0
SrJoseph,17,1,0
Crvaz,17,1,0
Riku,17,1,0
Gamer Freak Edy,17,1,0
1809,17,1,0
LLS-SMX199,25,1,0
Panda,25,1,0
JeWolf,25,1,0
Kirbyfan,608,8,0
Soggyhondo,25,1,0
Pacsoad,25,1,0
Flamenco,25,1,0
Estefanía,25,1,0
Doc Cc,33,1,0
Robburitto,33,1,0
Hadez,98,2,0
Skebas,33,1,0
Rw44,33,1,0
0PR3S0R,33,1,0
Shoba,33,1,0
Hedgy,33,1,0
Jumpboy,33,1,0
El Tonkas,33,1,0
guaxxxo,66,2,0
D.danger,33,1,0
ElFoco,33,1,0
DonPapaDon,33,1,0
Arises,33,1,0
Mafu,33,1,0
Kamina,49,1,0
Choko1000k,49,1,0
Gume13963,49,1,0
Mika,49,1,0
Daybreak,1,1,1
Doorstop,2,1,1
Nicko,3,1,1
Kepler,4,1,1
Linus,5,1,1
Roxas,5,1,1
Lavish,7,1,1
Yoderlaheehoo,7,1,1
Winter,9,1,0
Superhero,9,1,0
Aquatic,9,1,0
The Bowz,9,1,0
Dice,13,1,0
OG Derek,13,1,0
thicc nicc,13,1,0
Hex,13,1,0
EXO,17,1,0
Glacey,17,1,0
smasher1001,17,1,0
Parrymaster,17,1,0
PC3X,17,1,0
aqua,530,2,0
Hawk,17,1,0
triscuit,17,1,0
PeachesOHKO,25,1,0
Spection,25,1,0
IvyN,25,1,0
JADO,25,1,0
Kyronic,25,1,0
Oz!,25,1,0
RYAQN,25,1,0
Camel,25,1,0
Melonz,33,1,0
Fraudit,33,1,0
!Avien,33,1,0
Chia,33,1,0
BANG!,33,1,0
Rakun,33,1,0
Boingboingsplat,33,1,0
Hjarta,33,1,0
Metallious,33,1,0
Mastagrass,33,1,0
HardLarry,33,1,0
Pikmanz,33,1,0
kreg,33,1,0
AceDeuce,33,1,0
Goof,33,1,0
zinkus,33,1,0
TyChi,49,1,0
BuggaO01,49,1,0
CJBubblesVR,49,1,0
JJV,49,1,0
Lightz,49,1,0
HyperGlaceon,49,1,0
Sliggins,49,1,0
Darunia,49,1,0
ETHBK,49,1,0
Polywow44,49,1,0
Blitz,49,1,0
Zenyou,1,1,1
Guts,2,1,1
BryBry,3,1,1
Ki,4,1,1
Luffs,5,1,1
Marley,5,1,1
HLB,7,1,1
Ant,7,1,1
JTab,9,1,0
Zandømø,74,2,0
| Gappy,9,1,0
Kiyarash,9,1,0
h_,13,1,0
Whimsy,13,1,0
Nexus,38,2,0
"77, 77, 777, 77, 7 777 7",13,1,0
AKu,34,2,0
Jeski123,17,1,0
Cheesecake,17,1,0
SM,17,1,0
Bobthedusclops,17,1,0
JSlayer,17,1,0
PSIguy,17,1,0
LEWK,17,1,0
Daftcues,25,1,0
FatGirlz,25,1,0
ChaoticD,25,1,0
BirdUp,25,1,0
Based,25,1,0
canvas,25,1,0
Big Man,25,1,0
Bombchu,25,1,0
7ate9,33,1,0
LordPaletuna,33,1,0
Kingü,162,2,0
Psycha,33,1,0
Youngster2402,33,1,0
CrowCrow,33,1,0
Msquared,33,1,0
Mel0w,33,1,0
Jonah,33,1,0
OKUMA,33,1,0
Purgatory,33,1,0
Gerbo,33,1,0
Quick,33,1,0
Z-Kid,33,1,0
Saint Hentai,33,1,0
megaZXnoah,33,1,0
SP,49,1,0
Rubik,49,1,0
Key,1,1,1
Christian,2,1,1
Hydrant,388,2,1
Eggman4Smash,53,2,1
rm8,5,1,1
Zayn,200,3,2
#1MandoFanGirlAccount~,117,4,2
シT34シ,219,5,1
chcrain,21,3,2
Nicon,9,1,0
AnthonyIsntCool,34,2,0
HM,9,1,0
Requiem,97,4,1
Yoyo,13,1,0
Astro,78,2,0
guac,13,1,0
Necro Z.,17,1,0
Syrup,402,2,0
Something,17,1,0
Shrimp,17,1,0
Ferolyo,29,3,2
snakeeyes,82,2,0
djcooler50,17,1,0
Chubs,17,1,0
C-Section,25,1,0
Droogan,103,3,0
Nova,50,2,0
Koro,25,1,0
Mixtery,71,3,0
Madasti,154,2,0
Shaine,180,4,0
ShinySeeker,25,1,0
Arrow,33,1,0
Margaret Thatcher,58,2,0
kaio,33,1,0
osu!gamer,33,1,0
LGTV,33,1,0
Waifu,33,1,0
Cartercito,46,2,0
Coolness0228,66,2,0
kero,155,3,0
FalconXD,33,1,0
LogistclNightmr,33,1,0
Blue-,33,1,0
A Cute Shape,33,1,0
Toastfish,33,1,0
RobinTheJoker,33,1,0
AT46,91,3,0
Alpha,306,2,0
Mr. Rye,49,1,0
BowWow,178,2,0
piko,49,1,0
Guzmàn,148,4,0
Lazuli,179,3,0
Kirbiny,49,1,0
Jerry,82,2,0
No Mercy!,49,1,0
texas_7_drw,49,1,0
Bigk5556,75,3,0
Peppercorn,82,2,0
Skido,403,3,0
Omen,74,2,0
KOOBA,49,1,0
Kool K,276,4,0
ávo!,65,1,0
MrJJBiscult,65,1,0
Jdubz,65,1,0
Pep,65,1,0
BOOTY_HUNTER,65,1,0
Zillo,291,3,0
VectorGun,98,2,0
mReed,65,1,0
Epicshaner,65,1,0
LucasPog,65,1,0
Mike.mezzy,65,1,0
lordshawn,196,4,0
ComplexRolls,65,1,0
Chrisiswavy,65,1,0
Q-TIP,65,1,0
WiFi NeSs,130,2,0
Advent,65,1,0
Peemp,90,2,0
The Final Boss Melashu,155,3,0
Komodo,65,1,0
Jaj,65,1,0
MeleeCreeper,65,1,0
Jay Starr,65,1,0
Nsanity,65,1,0
EmLo,139,3,0
Velasquez,613,5,0
LotusVII,130,2,0
MJI,89,3,1
Freetox_,1,1,1
Tropped,2,1,1
Xenesic,3,1,1
Kace,4,1,1
Hugeaux,5,1,1
Lioko,5,1,1
Tofchrist,7,1,1
Ipove,7,1,1
Lucario Galactique,9,1,0
Neibaf,9,1,0
Yanos,9,1,0
Raven,9,1,0
Charley McToasty,13,1,0
Azeria,13,1,0
Zariouqe,13,1,0
Gio Brando,13,1,0
LexoRom,17,1,0
Val,17,1,0
Hrist,17,1,0
V3rgetur3,17,1,0
Kichiro,17,1,0
Boya,17,1,0
Uncivil lion,17,1,0
Glow,17,1,0
Metal,25,1,0
Ariisu,25,1,0
Palouse51,25,1,0
Nanou,25,1,0
Alu,25,1,0
elo,25,1,0
Dyl,25,1,0
rgb,25,1,0
Flojirok,33,1,0
Altrex,33,1,0
LEST,33,1,0
Exkka,33,1,0
Nounouye,33,1,0
Médol,33,1,0
| Sen,33,1,0
ploiw,33,1,0
RadikalRay,33,1,0
Nixx,33,1,0
Ez,36,2,1
Bushido7,33,1,0
$picy,33,1,0
Olex,33,1,0
Anzu,33,1,0
D4MI,33,1,0
Levø,49,1,0
Hapi,49,1,0
BuseVape,49,1,0
EZ,49,1,0
Cotty,49,1,0
Luugi,1,1,1
Raime,2,1,1
RMH Henryk,9,2,2
Agent,4,1,1
Tarik,5,1,1
Gigglezz,5,1,1
honey_o,14,2,2
SP1,7,1,1
Xcurr but who?,9,1,0
snowglobes,9,1,0
Some Absol,9,1,0
Hareta,9,1,0
Selkie !,13,1,0
DanteX2o,13,1,0
Lactuas,13,1,0
doperman,13,1,0
ElSantoGTZ,17,1,0
Chiken2020,17,1,0
Nezz,17,1,0
Noxumbra,17,1,0
JoyKong,17,1,0
Spag,17,1,0
AirborneArcher,17,1,0
Wing,17,1,0
BaconBeard,25,1,0
TooN,25,1,0
Coolkingz,58,2,0
Beast King,50,2,0
Shikamounty,25,1,0
Plagio .-.,25,1,0
lukeydowell,25,1,0
Sapphire99,58,2,0
TheFieldWarrior,33,1,0
SS11,58,2,0
noname536,33,1,0
Pires,33,1,0
Typh,82,2,0
Bengus,66,2,0
Paky,66,2,0
Shish,33,1,0
Darki,58,2,0
Mbp,33,1,0
GameGater,82,2,0
Jeanne,33,1,0
SPLAT,33,1,0
SquidSnipe,33,1,0
Osamudiame,46,2,0
Ozzmaniac,50,2,0
Strega,49,1,0
Randm,49,1,0
iambruh,98,2,0
UnityFTW,49,1,0
piss,49,1,0
H,49,1,0
EniTheKid,49,1,0
Kaan,49,1,0
Zetsubo,49,1,0
TheDaddySpice,49,1,0
Skill^2,49,1,0
Kretin,49,1,0
Sma,49,1,0
EuanTheBest,49,1,0
Snoc,49,1,0
Gemini,49,1,0
DeltaNS,114,2,0
BIRDSSSS,90,2,0
Splendour,65,1,0
Hannibum,65,1,0
Bloofey,65,1,0
High_T,65,1,0
Kyra,83,2,0
Beloved,65,1,0
Koenbc,65,1,0
Wangers,162,2,0
Leixou,65,1,0
Joebeefcat,65,1,0
Mattmaster69degreez,65,1,0
Longo,65,1,0
ganoot,65,1,0
OnlyE,65,1,0
Tree,114,2,0
Khenan,65,1,0
Zombiebox,65,1,0
Palapin,65,1,0
Castel More,65,1,0
DutifulFuture,65,1,0
Akame,65,1,0
Reflet,121,2,0
NGC,65,1,0
Cdog906,65,1,0
BIGGYROFAN,65,1,0
Takeo,66,2,1
JakeSynix,65,1,0
eSaint,65,1,0
Shiekah,65,1,0
Theflyingdunker,65,1,0
MLGPRONOSCOPER,97,1,0
Koip,97,1,0
Klazo,97,1,0
Valmet,97,1,0
Gabriel395,2,1,1
Snow,93,3,1
Zeno,4,1,1
44,5,1,1
Yonie,5,1,1
Rem,7,1,1
Tedix,7,1,1
Beetlejuz,9,1,0
davez,9,1,0
Wolfy,9,1,0
Eddy,9,1,0
Faillord,42,3,0
KogaMeijin,13,1,0
Veljko,13,1,0
Jerkol,13,1,0
Spachtel,17,1,0
Domi,17,1,0
Graivend,42,2,0
Sansero,60,2,0
Gayaa,17,1,0
Dunkmaster,17,1,0
Toasty,17,1,0
Loxcess,17,1,0
5lothLIVE,25,1,0
Ebay,25,1,0
Dango,25,1,0
GeaR,25,1,0
Joshi,25,1,0
BHS-Mann,25,1,0
Darkspine,25,1,0
Fritte,25,1,0
Davai!,33,1,0
Simpl,33,1,0
Der_Boot,33,1,0
Panfi,33,1,0
Mitzkazi,33,1,0
killua,33,1,0
SynnKo,33,1,0
6,33,1,0
Kinzu,33,1,0
xShaXo,33,1,0
Yeager,33,1,0
Redegi,55,2,0
Tarmiel,33,1,0
JustSkda,62,2,0
Chicken,33,1,0
Justn,33,1,0
Cryptex,49,1,0
SaikQ,49,1,0
Oualid,49,1,0
Saphi,49,1,0
F-A-!-A,63,2,0
BeToBBX,49,1,0
Liquid,49,1,0
Freacks,49,1,0
SG#Adri159,49,1,0
RRR,49,1,0
Soulhunter,49,1,0
Nishfish,49,1,0
Jokemon,49,1,0
Jesis,49,1,0
Slate,58,2,0
Silverfox,1,1,1
Infamous,2,1,1
GOHAN,3,1,1
Zeppeli,4,1,1
Doodlebob,5,1,1
Panchos,5,1,1
Mister Toon,7,1,1
JuMpZ,7,1,1
PaniKing,9,1,0
spot,9,1,0
Tr33,9,1,0
Wobbie,9,1,0
Ranch Raccoon.,13,1,0
Peter the Great,13,1,0
Jimmychanga,398,2,0
Rdog,13,1,0
Carnage,17,1,0
Luna,17,1,0
Fzekan,17,1,0
swag,17,1,0
Vision,17,1,0
Crow,17,1,0
Blane,17,1,0
muddy,17,1,0
GreenThunder,25,1,0
Speedy,25,1,0
Trippy,25,1,0
Soul,25,1,0
Fear,25,1,0
Lloydqrow,25,1,0
Meow,282,2,0
Bsphere,25,1,0
Flarence,33,1,0
umanz,33,1,0
Gemini3,33,1,0
Gonza,33,1,0
Stryker,33,1,0
Lanturn,33,1,0
unclebob,33,1,0
lilbigestjake,33,1,0
Mattchew,33,1,0
Felic,33,1,0
Art,33,1,0
Spice,33,1,0
Beebe,33,1,0
SlowBruh,33,1,0
AnotherOne,33,1,0
Akatan,33,1,0
jantheman,49,1,0
rocky,49,1,0
Kinda,49,1,0
SirajBP,49,1,0
HelixHD,49,1,0
Salty,49,1,0
Darling,49,1,0
Nieves,49,1,0
Butcho,49,1,0
Juan4All,49,1,0
Sytheon,49,1,0
King Squirtle,49,1,0
punkin,49,1,0
Dachi,49,1,0
Abdo,49,1,0
Delta Dawn,49,1,0
SheikFreak,65,1,0
ammisleh,65,1,0
Hanz,65,1,0
Max Cloud,65,1,0
Glavid,65,1,0
Mysteri,65,1,0
MFA,98,2,1
Citadel,19,2,1
Lights,25,3,2
Jeepers,4,1,1
MinMineral,5,1,1
Lil Jay,14,2,1
Near,58,2,1
VersaDile,56,2,1
Genetic,9,1,0
SweetLew,42,2,0
Ace$,9,1,0
Melandriq,139,3,0
ProtoMania,13,1,0
Aynim,13,1,0
Husk,13,1,0
T8N,13,1,0
C.Kaleb,17,1,0
Koda,155,3,0
ZimZam,508,4,0
Poocario,243,3,0
puffjiggleson,17,1,0
Waffl3ninja61,17,1,0
ArchAngel,17,1,0
Jonathicc,308,4,0
hidN,25,1,0
Beast,25,1,0
LingLing,25,1,0
Jrgreen,25,1,0
Dax,357,5,0
@pinkbombo91,25,1,0
VoltaicAstra,25,1,0
VictorB,25,1,0
rolo,33,1,0
beancake,33,1,0
SwagFox,33,1,0
EtherRealm,33,1,0
DarkAngel,33,1,0
R.D Gamer,33,1,0
Woodchuckman,33,1,0
LØRE,82,2,0
JayRay,33,1,0
Kiro,33,1,0
Panther,46,2,1
cass,33,1,0
SlimeJR,33,1,0
SANTI,33,1,0
Kwan,75,3,0
E2-P2,33,1,0
Jake,483,3,0
XxWilburSootStan2015xX,49,1,0
Goljee,49,1,0
Enarmonía,49,1,0
Mythio,49,1,0
Sogoodpop,371,3,0
Vaquero,49,1,0
9superpie,49,1,0
sherm,49,1,0
KBean,85,3,1
James,114,2,0
MF Ultra,49,1,0
Gotennn,49,1,0
StayFun,49,1,0
Roberto Robato,65,1,0
Nines,36,2,1
Daige,2,1,1
DezoTwist,3,1,1
Penne,4,1,1
| Naj_SSBU!,87,3,1
Sudo,7,1,1
OVA9k,188,4,0
ShineBurst,13,1,0
Darkjak,270,2,0
Saber,110,2,0
Chipz,17,1,0
Benja,195,3,0
GRiMSPR!NT-|-,228,4,0
Sauté,114,2,0
Tomato!,17,1,0
Dabilahro,492,4,0
Madara,156,4,0
velo,17,1,0
Gracbroton,25,1,0
SkyWaave,25,1,0
AdrianYogi,90,2,0
Blo0mDoom,25,1,0
Sjoseph,74,2,0
Depressed Kirby,33,1,0
Barack Obama Gaming_SSB,292,4,0
Mtkat,212,5,1
TrueDingus,42,2,1
JP,33,1,0
Sora20,33,1,0
Tanya Degurechaff,33,1,0
vizio,277,5,0
XxBanjxX,290,2,0
Wombo,195,3,0
Dropkick,33,1,0
Gato,34,2,1
Hoshi,33,1,0
David_H,82,2,0
GoDMoDe,98,2,0
Gamma,49,1,0
Metabee,131,3,0
Poobii,49,1,0
Papots,49,1,0
Mirza,82,2,0
SFUL,82,2,0
muffingobrrr,49,1,0
Galick,211,3,0
ThatAnnoyingPlayer,49,1,0
Hydro,82,2,0
Johnnylaw,1,1,1
Sengi,204,3,2
Blender,3,1,1
Gabs,4,1,1
lukey,5,1,1
Portor,38,2,1
Balltze,7,1,1
Pochacco,7,1,1
Sp3ctra,443,3,0
IX5,9,1,0
Jellyfish,9,1,0
nail_HK,13,1,0
Piggy,13,1,0
Oonagi,13,1,0
redmix,13,1,0
FaTe,17,1,0
Player 9,17,1,0
Pixel,17,1,0
Juliusplex,17,1,0
Viridian,17,1,0
ChiefAngel,17,1,0
Sploot,17,1,0
Pedroz,17,1,0
LQVKat,25,1,0
iceY,25,1,0
JayDee,282,2,0
Boreal,25,1,0
Cobra4244,33,1,0
Breozy,547,3,0
StarLord21,33,1,0
Oric,147,3,0
xenryo,144,4,0
Aachoo,418,2,0
Pinhead,33,1,0
Hitman,82,2,0
Pancakes,33,1,0
Danny Fathom,33,1,0
Ants,33,1,0
Lurakx,49,1,0
Tresh#1924,49,1,0
Vonatello,49,1,0
Kling,242,2,0
meikrofon,49,1,0
Chag,1,1,1
| Morsalsa,28,2,1
Slurmp,69,2,1
SuperStriker,5,1,1
Klein,7,1,1
Atomic,56,2,1
Ratking,9,1,1
Micro,9,1,1
Pokelover46,13,1,1
Youpop,13,1,1
| Shigura,13,1,1
Yusuf,13,1,1
Majestic Souls,17,1,0
Tato,17,1,0
D3_Will,146,2,0
Pachacamac,210,2,0
Zam,17,1,0
ChaDø,17,1,0
SuperJew Yaqov,17,1,0
Captain Yellow,17,1,0
CEO Of RNG,42,2,0
GoldBlox,74,2,0
Cujo,25,1,0
Tractor,25,1,0
Hope,25,1,0
GNes74,90,2,0
Mudkipy,25,1,0
William,33,1,0
CruxisPhantom,33,1,0
Echofire,40,2,1
Karon,33,1,0
Kaichus,98,2,0
Uppish,38,2,1
AJ DOHHHH,33,1,0
NPRoyalty,33,1,0
Ducky,33,1,0
Inlajin,82,2,0
WaffleMan,33,1,0
theycallmegaybe,33,1,0
Yumekui,82,2,0
DuckyTheConPlayer,33,1,0
YuYu,66,2,0
SuperSamir,162,2,0
v2,49,1,0
Wazowski,49,1,0
Yarkster9,49,1,0
FN/RayZenK,146,2,0
esqimo,49,1,0
NecroBlaze16,49,1,0
Robbie,49,1,0
Scarlet,114,2,0
ily,49,1,0
MikeyPie,49,1,0
Swixiz,49,1,0
J4Ncp,49,1,0
SK,125,3,0
Yaemori,49,1,0
Stocky,49,1,0
Flair,65,1,0
| Just Blue,65,1,0
Br1 AV,65,1,0
Likwd Dj,65,1,0
possibly cannot be noah,65,1,0
Paula,65,1,0
Thepolishshibe,65,1,0
Niccorjai,65,1,0
SHRick15,65,1,0
Ekiloxe,65,1,0
BIGGMEAT,450,2,0
Chocolate Milk,65,1,0
Kegaku...?,65,1,0
Hungrybox's cat,65,1,0
Ground,65,1,0
RattleLad,65,1,0
Bluebomberman,65,1,0
csia,65,1,0
Jin Schnee,65,1,0
Hurricane,65,1,0
CatNip+,65,1,0
ImV4Vin,65,1,0
Bruho,65,1,0
E T han,65,1,0
Derpington,65,1,0
Harrisonjersey,65,1,0
KiddKyu,65,1,0
Narra,65,1,0
NIMBUS,65,1,0
Anality,97,1,0
TidalTao,259,3,0
Chez,97,1,0
Freewifi,97,1,0
Caden004912,97,1,0
Queen,97,1,0
R U OKAY?!?!?!,97,1,0
Yishi63,354,2,0
Rageface090,130,2,0
CCarver,97,1,0
Cake,162,2,0
Chil,97,1,0
Cryi,97,1,0
Venice,97,1,0
Kanto,97,1,0
Sawdust,97,1,0
Shrek,97,1,0
HesTheMetaAfterall,97,1,0
AJ,97,1,0
NutWulfxd,97,1,0
OmegaTurtle,129,1,0
valentine,146,2,0
Mønti,129,1,0
rickyboyo,129,1,0
Sumi,129,1,0
Tails.exe,129,1,0
Seraphim444,129,1,0
CoVa,129,1,0
Cookman,129,1,0
Dućk,129,1,0
Geraldox,129,1,0
Zigisfredo,373,5,0
Derp,129,1,0
MHunterFE,386,2,0
KING,839,7,0
YoKryptic,243,3,0
CMFP,129,1,0
TEEJOMP!,129,1,0
LD Deku,129,1,0
Dmitrii,129,1,0
ChillQuillz,129,1,0
CryoComet,129,1,0
hyde,129,1,0
Freddy fax,129,1,0
Flambo,129,1,0
MemeMasterM,129,1,0
Scaff,129,1,0
Frøst,2,1,1
Amalthus,3,1,1
CaptainCarson,101,2,1
xXBig_Boner_Owner_39Xx,5,1,1
LMan,5,1,1
YaBoiJT,264,2,1
Stronghold,9,1,0
Sir Luscious Left Foot,394,2,0
Xx_1tchy_84ll5_xX,26,2,0
Ra,9,1,0
BeastModePaul,398,2,0
Zozo3804,13,1,0
dwizar1,13,1,0
Dark4orce,17,1,0
Juami,17,1,0
milkcup!,17,1,0
Shdwemp,17,1,0
Mista-M00,17,1,0
LocoDz,74,2,0
Taco Tony,25,1,0
PatchSlaw7,25,1,0
Taz,25,1,0
Sho,25,1,0
s,25,1,0
Purin,25,1,0
Cheesebslls,33,1,0
a bottle of fiji water,33,1,0
Ultraasher,33,1,0
NamiLover,33,1,0
Chariot,33,1,0
Von Solo Dragon,33,1,0
Sonic_Arrow,33,1,0
SrJorjoroY,33,1,0
TheChosen1,33,1,0
Stage Hazard,33,1,0
TapuCocoa,33,1,0
Bloomy,49,1,0
BigBoss,82,2,0
MasterKill,49,1,0
Radiance!,49,1,0
Trig Daddy,49,1,0
Ketra,49,1,0
TheXDestroyer,49,1,0
Capsid,49,1,0
Chris,49,1,0
JDV,49,1,0
Jr,49,1,0
Kyë,65,1,0
duchy101,65,1,0
GAME,65,1,0
Selegna,65,1,0
HACHi,82,2,0
Blue Ninja,65,1,0
Edog11,65,1,0
Atakan,65,1,0
Bradurjen,65,1,0
Noodles,387,3,0
Slinky,258,2,0
Son+,65,1,0
Karbles,65,1,0
Kit,65,1,0
Leonine,65,1,0
MAC,65,1,0
Nalga,1,1,1
Yael,2,1,1
MissyyMayy,5,1,1
SickeningFever,5,1,1
vacaTHEkiller,7,1,1
MrM,7,1,1
Javi,9,1,0
Edu,26,2,0
YIGA,34,2,0
cesarXfire,9,1,0
Sout,135,3,0
JR.,13,1,0
Gohan McCloud,13,1,0
Celtic,17,1,0
SBx|Lenroy,17,1,0
nava,17,1,0
Zword,17,1,0
RadioOvni,19,2,1
Pi,17,1,0
Topo,17,1,0
Paulovsky,25,1,0
Namiko_Z,25,1,0
Lexissu,25,1,0
Gravity,25,1,0
Many,74,2,0
JoseGP2077,25,1,0
Kael,90,2,0
Gokunzalez,33,1,0
Silver,40,2,1
Litt,66,2,0
DNY,33,1,0
Wazamamerto,33,1,0
|Ceballos|,33,1,0
Shawnz,33,1,0
Istva,148,4,0
RichrRo,33,1,0
EmmaHG,33,1,0
Teek,33,1,0
Gungnir,58,2,0
TitoR,33,1,0
Lucas,33,1,0
Yagui,49,1,0
Tsuna,434,2,0
Pollux,49,1,0
TYR,114,2,0
Jero,49,1,0
BandanaSW,49,1,0
Ikesaac,49,1,0
Kazuhira,49,1,0
GenuineProphet,49,1,0
Guilheww,146,2,0
R De Alma,49,1,0
Mayoneso,49,1,0
Rito26,49,1,0
Winijumbo,114,2,0
IsraZX,65,1,0
SBX/STR Rocket,65,1,0
Tyvant,65,1,0
Delg,65,1,0
Xerzal,14,2,2
Neutral,132,2,1
Rozden,4,1,1
Skittles,5,1,1
Lapras,295,3,1
AC3GAM3R,7,1,1
skeptical,7,1,1
Taka,9,1,0
Doogy,9,1,0
L.A.W,9,1,0
SIke,9,1,0
PlusleGod,206,2,0
Snowski,13,1,0
nano,13,1,0
Lilac,13,1,0
Cedric,17,1,0
squirrel,17,1,0
MainEvent,17,1,0
zickser,17,1,0
Puchi,17,1,0
Kelsey,17,1,0
Cyphn,17,1,0
Strato,17,1,0
ReeBassist,25,1,0
NiceOneBakery,154,2,0
Straitblanchin,25,1,0
noots,25,1,0
Trojan,122,2,0
Mako,25,1,0
Skype/tenshinX,25,1,0
suzie crabgrass,218,2,0
Seventh Deven,33,1,0
Pi9876,33,1,0
-HP-,33,1,0
Frog,98,2,0
Pazuzu,33,1,0
TDSP,66,2,0
cgt,66,2,0
Gamer,33,1,0
0-2 andy,33,1,0
Star,33,1,0
Cortex,46,2,0
KarZ,33,1,0
JJTheB,82,2,0
Buff Mac,439,3,1
Supermario,49,1,0
Neki,49,1,0
RandomEDay,49,1,0
heyman112,82,2,0
Hshadic123,49,1,0
Desk,1,1,1
RyzenNess,2,1,1
aquaze,28,2,1
Falkion,5,1,1
Dark Falcon,5,1,1
Sweshi,169,3,1
Yrc,7,1,1
BroKen,75,3,1
StriderX,9,1,1
Poncho,9,1,1
ZeppPuff,9,1,1
Deliboid,13,1,1
Grimturtle,13,1,1
Bmm404040,13,1,1
Lavender,13,1,1
Ikana,22,2,1
BiscQuit,17,1,0
Moxie,17,1,0
pluie,17,1,0
_ZoroCR_,17,1,0
Lenks,17,1,0
SATA,25,1,0
Saturnn,25,1,0
fatcat,25,1,0
Antithesis,25,1,0
Miruku,25,1,0
Mr.Raisin,25,1,0
Oni,33,1,0
DustyNuts,33,1,0
| Mudskip,418,2,0
Soy,418,2,0
Goofy,33,1,0
KuNoah,33,1,0
Mathematics,33,1,0
nazura,420,3,1
ANJELLOH,130,2,0
Frost,33,1,0
Shatdabot,33,1,0
Raptor,33,1,0
Eyas,33,1,0
Gunker,49,1,0
Mugiwara,49,1,0
hollow,49,1,0
Mabel,50,2,1
Am3thyst,49,1,0
FoughtHBoxWithNoLan,178,2,0
MrWii,49,1,0
Conch,49,1,0
Sebydoodle,49,1,0
Dawsk,49,1,0
Biscotto,49,1,0
CK,49,1,0
peparony,90,2,0
Gold,65,1,0
Leonfe,98,2,0
RaysRedemption,82,2,0
Mr Hokckey,65,1,0
Legend,65,1,0
Rabo,90,2,0
E-Gar,65,1,0
Soul Breaker,65,1,0
Mr.meme,65,1,0
MikeyProHD,65,1,0
RIPE BANANA,65,1,0
KaizokuLizzy,65,1,0
Kebling,194,2,0
SQUALL,65,1,0
wow!,65,1,0
CappuGeno,65,1,0
Asimmi,65,1,0
Amarantha,65,1,0
Breeze,65,1,0
Legoguy,97,1,0
okoop6,97,1,0
Ziggens,122,2,0
Prunz,97,1,0
Sharpedo43,180,4,0
Treachery,97,1,0
Gr3ase_M0nkey,97,1,0
Nagisa,146,2,0
jo,386,2,1
Babino,2,1,1
Safzai,3,1,1
Sky,4,1,1
Euphoria,54,2,1
Fhantum,54,2,1
_trey5,40,2,1
Radical,9,1,0
| Schiikk15,9,1,0
Arcus,9,1,0
jason,13,1,0
Trips,13,1,0
SmilEyOmLet,13,1,0
NoNeptune,26,2,1
Astori,17,1,0
diamondupree,179,3,0
Vykedaddy,179,3,0
NT,30,2,0
RiasMemeGod,66,2,0
Noxl,17,1,0
Orasorb,25,1,0
| Future Doctor,25,1,0
Golli,25,1,0
Hockey,25,1,0
Salad,58,2,0
Densetsu,66,2,0
Maj0ra,33,1,0
LiteralSoyYo,66,2,0
T-sizzle,33,1,0
Cott'n,33,1,0
Risk,98,2,0
Minejack777,33,1,0
KaGe,33,1,0
mellohi,33,1,0
rekt_dim,49,1,0
T3 DOM,1,1,1
Venus,2,1,1
YMCA,3,1,1
K9sbruce,4,1,1
Phoenix,22,2,1
White Nova,5,1,1
Linky,7,1,1
AC,7,1,1
| Kyros,9,1,0
M.M.Leo,9,1,0
Floppeh,9,1,0
?,9,1,0
Jesse Water,13,1,0
BashLuv,13,1,0
Shangrai,13,1,0
TheeR3dFox,13,1,0
Abe,17,1,0
JustOmega#8404,17,1,0
SoulX,17,1,0
Skydra,17,1,0
perc lord,17,1,0
Ace!,17,1,0
danlistoo,17,1,0
FrontalHornet08,17,1,0
Spanky,25,1,0
ChaseMe,25,1,0
Lenny,25,1,0
LaV,282,2,0
Tearbear,25,1,0
Simple Soul,25,1,0
Fluteloops,25,1,0
VG,33,1,0
ceej,33,1,0
Silla,33,1,0
Katz,33,1,0
Eggie,33,1,0
Beef,33,1,0
Pan Dulce,33,1,0
JoMammis,33,1,0
Yogi,33,1,0
miko,33,1,0
Phire,33,1,0
Zenokids,33,1,0
Tenebrae,33,1,0
KALi,226,2,0
Nem,33,1,0
A Pile Of Bacon,33,1,0
Gir,49,1,0
Lavabeast,49,1,0
ReddWolfe,49,1,0
MaChamp01,49,1,0
Turt,49,1,0
D3adNess,49,1,0
Khoi,49,1,0
Chesnut,98,2,0
J.O.S.,242,2,0
Limit,49,1,0
JoBro,49,1,0
Acesgalore,49,1,0
Jackfruit,98,2,0
Astra Wolf,49,1,0
DoubleXP,49,1,0
Cutiecake,49,1,0
AL-1,65,1,0
John Barrett,1,1,1
RobbieAK47,2,1,1
Logue,3,1,1
Dawg,4,1,1
Siron,5,1,1
Sansi,5,1,1
Claw,7,1,1
alx,9,1,0
Ramustelija,9,1,0
AstralGDAKA!,9,1,0
K.p,9,1,0
NinYT,13,1,0
Caecilius,13,1,0
Pyrum6,13,1,0
Smirgel,17,1,0
Inias,17,1,0
Midoriss,17,1,0
Scrob,17,1,0
MazeBeans,17,1,0
Tea Oh Kay,52,2,0
DaSquid,25,1,0
RNG,25,1,0
Metal_Militia_,25,1,0
Strongpig,25,1,0
Oshiegbu,33,1,0
Ruthless,33,1,0
FTH,33,1,0
Extrick,33,1,0
Kaiisah,33,1,0
Ptr,33,1,0
Danger,33,1,0
XPino,33,1,0
Denozba,33,1,0
ChickenArrow,33,1,0
Izu,33,1,0
Mante,33,1,0
Solar,49,1,0
DK Dyl,49,1,0
Geronimorino,103,2,0
Drathian,49,1,0
Rise,49,1,0
MemeGunner,49,1,0
drif,49,1,0
Sencho,49,1,0
Sumk1nd NF,49,1,0
Chaosrevenger,49,1,0
GuiltyPleasure,49,1,0
Atlas,65,1,0
dryB,1,1,1
Tunbi,2,1,1
Haeschen,3,1,1
Repus,4,1,1
RobinGG,5,1,1
Amoht,7,1,1
Icrysta,8,1,1
Geeni,10,1,0
TMario,11,1,0
[E]rik,12,1,0
bob,15,1,0
Eclipse,28,2,1
Nim,17,1,0
Joni,18,1,0
Odnamra,20,1,0
seesen,20,1,0
Vulk,22,1,0
Despair,22,1,0
Skail,25,1,0
pille,25,1,0
Bluetenx,27,1,0
Saiko,28,1,0
slowmo,30,1,0
DerTypDa123,30,1,0
FischiiLuca,32,1,0
Eyce,33,1,0
Dty,34,1,0
OG Jason,35,1,0
Kaktuserde,35,1,0
YiYa,35,1,0
Brittle,35,1,0
viscacha,35,1,0
марио,42,1,0
Ripha,45,1,0
Octowyer,46,1,0
woodstock,47,1,0
Dawu,48,1,0
aRa,49,1,0
Nidaime,49,1,0
ALXtreme,52,1,0
PADERBORN;,53,1,0
Cesu,54,1,0
sourc,56,1,0
NatsPT,56,1,0
Pasiboy,56,1,0
Zeta,153,2,0
Sen,56,1,0
hydrofx,56,1,0
Elegant,1,1,1
ven,4,2,2
Tux,3,1,1
Theedium,4,1,1
FOW,5,1,1
frawg,5,1,1
Caius,7,1,1
Leo D. Haki,7,1,1
Gibbles,9,1,0
Scisto,9,1,0
Mishunz,9,1,0
IllusioN,9,1,0
AmberZephyr,13,1,0
Ronnie,13,1,0
Zer0.exe,13,1,0
Toski,13,1,0
Armo,17,1,0
Aloe,17,1,0
Scaper,17,1,0
chickncup,17,1,0
Brosinex,17,1,0
Hue,17,1,0
aChunkeyMonkey,17,1,0
Champbe,25,1,0
Laelaps,25,1,0
KirbyMlgnes,25,1,0
Popadopalis,25,1,0
MrCupKakes,25,1,0
Quillen,25,1,0
Poi,25,1,0
Sad Boi,33,1,0
Monarch,33,1,0
Cora Frost,33,1,0
DonovanTrp,33,1,0
Ankles,33,1,0
JBDuncan,33,1,0
Thumb,33,1,0
h,33,1,0
Jank,33,1,0
hectorjunior710,33,1,0
Frito,33,1,0
BOAT,33,1,0
Kojakx,33,1,0
Harryparrry21,33,1,0
Chiva,33,1,0
action,49,1,0
CO3,49,1,0
pepperthegamer,49,1,0
TheBlueLink,49,1,0
Ricenpai,49,1,0
Spammy,49,1,0
Night,49,1,0
RemyTH,49,1,0
Punisher,49,1,0
clonepa,49,1,0
Ma víe,49,1,0
dangerboi64,49,1,0
A18,49,1,0
Rabbit,49,1,0
Pollo,49,1,0
scarysapo,65,1,0
k-os,65,1,0
Doorto,65,1,0
MaddoxGamer3000,65,1,0
jarool,65,1,0
Sparklly,65,1,0
howyadern,65,1,0
Gawain,65,1,0
Rextrem9956,65,1,0
Ayter,65,1,0
kjay,65,1,0
mcballer,65,1,0
Shmeeko,65,1,0
PiddQuinn,65,1,0
I Like beans,65,1,0
Mochiiiii,65,1,0
menate7,65,1,0
curiosikty,65,1,0
PreKnown,65,1,0
Flame29,65,1,0
maka,65,1,0
4ner,65,1,0
udonegoofed,65,1,0
ChemicalAlchemist,65,1,0
unx,65,1,0
yoshi,65,1,0
snowstorm,65,1,0
Gabe,65,1,0
PocketSocket,65,1,0
KTS,65,1,0
GNT,322,2,0
Kurshaun,1,1,1
WeaponRaid,2,1,1
Genius,134,3,1
Vega,5,1,1
Croissant,200,2,1
αngeloid,7,1,1
PrincePurple,9,1,0
InsertName,9,1,0
Beanz,402,2,0
Dungam,17,1,0
Snowbelle~,17,1,0
tg,17,1,0
Ma-kun,17,1,0
Rett,17,1,0
Rose~,25,1,0
NoisyMeteor,25,1,0
TGL,25,1,0
mattvxd,25,1,0
severedwings,25,1,0
Dana,380,4,0
Dark Mage,25,1,0
Nest,25,1,0
Mapl_3,33,1,0
Ivanchis,33,1,0
Vapor,33,1,0
Blutsauger,82,2,0
jumbojimbo,33,1,0
Draco,355,3,0
tradecraft,49,1,0
TheAnt,49,1,0
No Name,49,1,0
Gritanx,49,1,0
Thomas,49,1,0
Clu3less,49,1,0
gelato,49,1,0
Tanaka,49,1,0
Potatoman,146,2,0
SprYTe,49,1,0
Trenko,1,1,1
The_Hunter,3,1,1
NibbyNibbyNub,7,1,1
6:00am,9,1,1
Yalmanac,9,1,1
Koolst3r,13,1,1
ZeXa,13,1,1
NickSF,13,1,1
Mejor,17,1,0
Blaze,17,1,0
TTV/LeMonkeMan,17,1,0
SilverWolf,17,1,0
Meatflap,17,1,0
Kengar Dongatron,210,2,0
StarZ,17,1,0
Agent E,17,1,0
MeowmiXX,25,1,0
Kitana,25,1,0
Vital,282,2,0
BOSFD,25,1,0
Kylin D,25,1,0
Spoopy,25,1,0
Coltman,25,1,0
cprime,33,1,0
| Mr Mystery,275,3,0
ShadowBlack,33,1,0
Red0,451,3,0
Ascension,33,1,0
Shino,33,1,0
Mr.Alonso,33,1,0
Mr_Mugz,418,2,0
ItchyBlackall,33,1,0
VibePrince,290,2,0
Blockgaming,290,2,0
Ymerej_,33,1,0
Alexshrine21,49,1,0
Camaraderie123,114,2,0
Netherlord64,49,1,0
sandy!,434,2,0
Grateful,49,1,0
snaz,49,1,0
MrHappy,49,1,0
Diva,49,1,0
Changoderas,49,1,0
Luminal,49,1,0
BiggieBeezy,65,1,0
SpagEddie,65,1,0
Goldenknife,65,1,0
iamhulkgrr,65,1,0
Ennui,65,1,0
Pkoke0,65,1,0
Papermario,65,1,0
Beginner Player,65,1,0
BDawg,65,1,0
ElJosepe,65,1,0
Oyaji-chan,65,1,0
javi64,65,1,0
GBear,65,1,0
Pyre,322,2,0
OnlyHalf,65,1,0
Mute,65,1,0
Buchanan,65,1,0
Faith,65,1,0
Elite,578,2,0
Zeoux,65,1,0
Squidley,65,1,0
Mushman,65,1,0
Phantasmagoria,65,1,0
Sinbad,97,1,0
Jacoobi,97,1,0
TonyBalony,97,1,0
Shadic,97,1,0
Power,482,2,0
PMT,97,1,0
identikit,97,1,0
AGoat,97,1,0
Atheym,97,1,0
Ish,97,1,0
BiG bOi,97,1,0
J3r5h0n,97,1,0
Fitzy,97,1,0
チカクラッチ,97,1,0
Guapo,226,2,0
G4,97,1,0
Morrick,97,1,0
Stockings,482,2,0
Choice,97,1,0
Colmar,1,1,1
ARJAY!!!,2,1,1
Don_Padrino,3,1,1
Rews,4,1,1
Toasted,5,1,1
p0wer,7,1,1
Skew,7,1,1
5k,9,1,0
GucciMemes,9,1,0
Robi,9,1,0
Nebby,13,1,0
Arctic,13,1,0
Glentendo,13,1,0
Thatkidds1,17,1,0
Kenmister1,17,1,0
T5Cloud9M,17,1,0
Lilo,25,1,0
eof,25,1,0
Oxygen,25,1,0
LocalmanMatty,25,1,0
Zariez,25,1,0
MEGA CHAD,25,1,0
Rocknerrad,33,1,0
MKThéo,33,1,0
Erman,33,1,0
Stelter,33,1,0
ShulkerZ,33,1,0
frangramz,226,2,0
Cable,33,1,0
DM2,33,1,0
Whiffy,33,1,0
Akoabelle,33,1,0
DDog,147,3,0
D4C,49,1,0
JustynTime,49,1,0
SlushieV1,82,2,0
Null,49,1,0
Antimony,49,1,0
TwoZeezs,49,1,0
n,49,1,0
Sauceyz,434,2,0
TVenomoth,49,1,0
CaLiBuRT3K,49,1,0
Lou,434,2,0
SoulEater,65,1,0
Boswer,450,2,0
| Rul3r,65,1,0
Kasp3r,65,1,0
Scrub_lio,65,1,0
Cam,65,1,0
KingStitch,65,1,0
Super,322,2,0
Justice,65,1,0
Funny Move,65,1,0
pennsmash,65,1,0
TiBRs,65,1,0
Stuffy,130,2,0
Ato,450,2,0
Drek_,65,1,0
Cpt.Toad,65,1,0
JaeŁen,65,1,0
House,65,1,0
B.W. Styles,65,1,0
Deathspade,65,1,0
Snombomb,162,2,0
Bean,65,1,0
CheesyhotdogGOD,97,1,0
JaZaR,1,1,1
Kraken,3,1,1
Ividal,4,1,1
Kuro Dan,5,1,1
WaKa,7,1,1
Conker,7,1,1
Dracoco,9,1,0
Aza,9,1,0
Phantom,9,1,0
J3F33M1,9,1,0
NeZo!,13,1,0
Packs,13,1,0
Altair,13,1,0
TÑath,13,1,0
Skylar,402,2,0
Moonl1ght,17,1,0
Clark,17,1,0
Maikchido,17,1,0
tona233,17,1,0
Tanfor,17,1,0
nouser,17,1,0
Maelo,25,1,0
GFalco,25,1,0
PISTY,25,1,0
Kavant,33,1,0
LLS Gera,33,1,0
Freezer,33,1,0
ZaLer-NT,33,1,0
Japi >:],33,1,0
Gunz,33,1,0
Matz,33,1,0
PeyoteNava,33,1,0
Shankusū,33,1,0
Amur,33,1,0
Firulais,49,1,0
Rito,49,1,0
17,49,1,0
Cobra,49,1,0
Gaxel,114,2,0
Kamui como naruto,49,1,0
inFAMO,49,1,0
DarkPixel,49,1,0
Emaリ,49,1,0
LaSinHueso,49,1,0
AkaneAM,49,1,0
Ghostboy,49,1,0
Diego4ng,49,1,0
Tu Papá,65,1,0
Dxtei,65,1,0
Greyhame,65,1,0
Zora :3,65,1,0
Kratos,65,1,0
Keqing,3,1,1
Mr. E,4,1,1
WaDi,5,1,1
PkChris,5,1,1
J.P.,7,1,1
Louir,9,1,1
Marvelous_Marco,9,1,1
FruitLoops but Pain,9,1,1
Kain,9,1,1
BlitzLuigy,13,1,1
Seth,13,1,1
prismoid,17,1,0
skuniar,17,1,0
X'avier,17,1,0
Mikerowave,17,1,0
Weiss,17,1,0
Dr. Iggy,25,1,0
Mar,25,1,0
Mr.Mash,25,1,0
Kresent,25,1,0
Bluxious,25,1,0
Scend,33,1,0
Kiwi,33,1,0
Shannen,33,1,0
Rapids,33,1,0
ramonM64,33,1,0
Hungrybox,82,2,0
NationWide,33,1,0
Sensei,33,1,0
Wilde,33,1,0
SGG,33,1,0
Unleashed,33,1,0
g4p,33,1,0
Serenity,33,1,0
PsychoWard,33,1,0
IJ,49,1,0
Pancake,49,1,0
HandballNat,49,1,0
Malikai,49,1,0
UtopianRay,49,1,0
BlazingBoy,49,1,0
echo,49,1,0
LoKi,49,1,0
Yashill,49,1,0
SKY Ice Blue,49,1,0
Robot Gangsta,49,1,0
Ph.D,65,1,0
Tetrax1590,65,1,0
Zris,65,1,0
LukasCorn,65,1,0
Alias,65,1,0
NadiA,65,1,0
KDK,65,1,0
Wearingmovie369,65,1,0
Despa,65,1,0
Ziude,65,1,0
NineTails,65,1,0
stevenshark,65,1,0
Mystearica,65,1,0
Dog,65,1,0
MaTA,65,1,0
elijmin,65,1,0
Mirai,65,1,0
deedles,65,1,0
TimeGear,65,1,0
ChewyHobo,65,1,0
Draymond,65,1,0
I REJECT MY HUMANITY,65,1,0
GabuGoo,97,1,0
Zuta,97,1,0
SLJ,97,1,0
Chrissy96,97,1,0
Tonik,97,1,0
Sunomin_,97,1,0
R.I.Pierre,97,1,0
wack,97,1,0
Chuky,97,1,0
Hpark,97,1,0
Yrneh,97,1,0
Steph,97,1,0
Sakura,97,1,0
FarmingSim,97,1,0
Vu808,97,1,0
Jbandrew,97,1,0
Keanu,97,1,0
Munchy,97,1,0
BICI,97,1,0
HAWTLAVf,97,1,0
Chunky,97,1,0
Tranquil,97,1,0
TheMintyOne,97,1,0
Dibly,97,1,0
seth,129,1,0
Squid,129,1,0
Leyva,129,1,0
Vins,129,1,0
Corruption,129,1,0
n0pe,129,1,0
Makki64,129,1,0
yonni,129,1,0
Rebel,129,1,0
Varpa,129,1,0
Spin,129,1,0
TRain,129,1,0
shoe,129,1,0
Kakarot,129,1,0
Henwy,129,1,0
Kisai,129,1,0
Thedoctor27,129,1,0
Izanagi,129,1,0
Rhomphaia,129,1,0
Styles,129,1,0
BluChicken,129,1,0
m0use,129,1,0
Dr.Liam,129,1,0
LocoLobo,129,1,0
KIROS テア,129,1,0
dablue14,129,1,0
Slushee,129,1,0
daft404,129,1,0
Jeanic,129,1,0
Vandalizzed,129,1,0
Dreamer,129,1,0
Gatsby,129,1,0
Waffle Warrior,129,1,0
JoStorr,129,1,0
Geronimo,129,1,0
trowftd,129,1,0
Schism,129,1,0
jim,129,1,0
doXa,129,1,0
Marcthesage97,129,1,0
JNap,129,1,0
someonegames,129,1,0
ZeBrA,129,1,0
yeeks___,129,1,0
Arkade,129,1,0
BurstLogic,129,1,0
unownlad,193,1,0
MikeBT,193,1,0
BestNess,193,1,0
Beyond9K,193,1,0
Cyphus,193,1,0
TaskMaster,193,1,0
8BitMan,193,1,0
Horse!,193,1,0
Yobudy,193,1,0
Henny,193,1,0
TKay,193,1,0
Cheeso,193,1,0
Zenza,193,1,0
Goose,193,1,0
Rev,193,1,0
Mike,193,1,0
Frezer,193,1,0
Theron,193,1,0
FiZiCs,193,1,0
Kuroashi,193,1,0
Kafonn,193,1,0
CallMeDead,193,1,0
Stone,193,1,0
Sip,193,1,0
JP_JoyCon,193,1,0
itsn0ahh,193,1,0
BadBoyRay,193,1,0
DF8,193,1,0
UncleGlowsticks,193,1,0
AndrewT,193,1,0
Karp,193,1,0
Eagle,193,1,0
ReZo,193,1,0
Trevdec29,193,1,0
Reelsteal,193,1,0
Bdon07,193,1,0
Mirage,193,1,0
BlazeK114,193,1,0
TaiSK,193,1,0
| Jex,193,1,0
Den,193,1,0
Arky,193,1,0
Paradox,193,1,0
Riaf,193,1,0
Harland,193,1,0
Doeboy,193,1,0
MC,257,1,0
SemiStable,257,1,0
Kiki,257,1,0
Red4Rage,257,1,0
Depredationz,257,1,0
krokmou01,257,1,0
Dari,257,1,0
mr.Juice,257,1,0
ユーシャ,257,1,0
Peter06,257,1,0
gLaM,257,1,0
brando,257,1,0
KevFZ0,257,1,0
xenovia,257,1,0
JeAl8a,257,1,0
Morphtronic18,257,1,0
Eggdarr,257,1,0
Trotz,257,1,0
Swizz,257,1,0
King K. Krocsucker,257,1,0
shamuslinda,257,1,0
WolfLink Pup,257,1,0
funky,257,1,0
Kiwii,257,1,0
Bug,257,1,0
migz,257,1,0
Pugi,257,1,0
djframe,257,1,0
Dr dank,257,1,0
StibWoods,257,1,0
SPARKLE,257,1,0
Sinister,257,1,0
DoritoBandito,257,1,0
Huncho Max,257,1,0
JX,257,1,0
NoxxStar,257,1,0
Frosty,257,1,0
Francox1069,257,1,0
Balubena,257,1,0
Miopanda,257,1,0
Yourbro,257,1,0
NC10,257,1,0
Link-182,257,1,0
de la O,257,1,0
Shia_AZ,257,1,0
n0b0dy,257,1,0
Gboy,257,1,0
Evilgoku,257,1,0
GiantBoo,257,1,0
Civil,257,1,0
Delirium,257,1,0
GamingBlockUltimate,257,1,0
Amaryllis,257,1,0
ultrainstinct2,257,1,0
The_StarNemesis,257,1,0
Ataski 起亚,257,1,0
ResonanceSpark,257,1,0
OCEAN,257,1,0
D-MaN,257,1,0
DINK,257,1,0
YūkiTrey,257,1,0
Lukuth,257,1,0
Mr.Anvil,257,1,0
YSJ,257,1,0
Trix,257,1,0
Arnold,257,1,0
notquentin,257,1,0
Spider,257,1,0
Dave_Strider,257,1,0
Gigan,257,1,0
Gotham,257,1,0
Icey,257,1,0
IJM,257,1,0
LMNTRIX,257,1,0
Loncho,257,1,0
obsco,257,1,0
AAMS,257,1,0
Melmuli,257,1,0
Phat,257,1,0
Ostinato,257,1,0
MuhLazer,257,1,0
Akrasia062715,257,1,0
Epic kalito,257,1,0
AricAttack,257,1,0
Tidal,257,1,0
Kara,257,1,0
fletcher,257,1,0
T_pot,257,1,0
Zaiko,257,1,0
Subtracty,257,1,0
Snackz,257,1,0
Dragneel,257,1,0
ADAP,257,1,0
JoaT,257,1,0
Laslow,257,1,0
SomeBrudee,257,1,0
Schmixed,257,1,0
Zoop,257,1,0
amazingMANdrew,257,1,0
Ryza,257,1,0
sAndo,257,1,0
Law,257,1,0
G_man,257,1,0
joshboi,257,1,0
Professor,257,1,0
leggy145,257,1,0
diegohd,385,1,0
BrooksGG,385,1,0
Cadeister,385,1,0
Special,385,1,0
POOPOOMA,385,1,0
Drewski,385,1,0
Yonbopgein,385,1,0
Xx2legit88xX,385,1,0
HeroNotebook,385,1,0
Avatar Kylo,385,1,0
jwalk,385,1,0
Nox,385,1,0
ACK,385,1,0
Streak,385,1,0
steamy,385,1,0
Beetus,385,1,0
HippoJust,385,1,0
DMC2,385,1,0
WebbJP,385,1,0
Roblee,385,1,0
Lul,385,1,0
LJ,385,1,0
Hippyjump,385,1,0
Yu,385,1,0
Pepidor,385,1,0
Natron,385,1,0
Galaxy,385,1,0
Poopdealer,385,1,0
CoolEvil64,385,1,0
Upstar,385,1,0
Urladbanana,385,1,0
ZeeZang,385,1,0
RedVolta,385,1,0
WizzyRadar,385,1,0
Robsleepsalot,385,1,0
Ritzy,385,1,0
Changuito,385,1,0
Djohnmark,385,1,0
mutespitah,385,1,0
Lekaj,385,1,0
Olego,385,1,0
dana_,385,1,0
DoctaJ,385,1,0
fools.,385,1,0
Baco,385,1,0
9Volt,385,1,0
nova,385,1,0
Lil'G,385,1,0
Dinomight,385,1,0
Snowman,385,1,0
Oofion,385,1,0
Warrior,385,1,0
$daogmiggy,385,1,0
NemesisStyles,385,1,0
SonataSunrise,385,1,0
Irony,385,1,0
G3,385,1,0
Mizu,385,1,0
TooMuchTM87,385,1,0
Jaction,385,1,0
CHAMP,385,1,0
RAGE,385,1,0
| Hellen,385,1,0
Meeps,385,1,0
IKO~FiSh,385,1,0
Gruntan,385,1,0
Nickster48,385,1,0
EHard,385,1,0
Crescendo,385,1,0
iKiro,385,1,0
Xurj,385,1,0
Walnut,385,1,0
Cruilator,385,1,0
funkyhippo,385,1,0
Impaler,385,1,0
Azel_S,385,1,0
151drum,385,1,0
Ronin,385,1,0
HE-MAN,385,1,0
The Sweat Slayer,385,1,0
clean,385,1,0
WhosNiC,385,1,0
Tenno,385,1,0
Nazier,385,1,0
Divine_CoolPool,385,1,0
ZoroHaki,385,1,0
Rondor,385,1,0
Hakaician,385,1,0
Rudyneff01,385,1,0
McClappin,385,1,0
TechLink,385,1,0
agni,385,1,0
Mr. F,385,1,0
JoyConHero,385,1,0
Durbxn,385,1,0
thermalcry,385,1,0
KSoy,385,1,0
Drek,513,1,0
ShinobiQueenV,513,1,0
ThatSpeedyGuy,513,1,0
ckeisig,513,1,0
Wheretabro,513,1,0
waifuSZN,513,1,0
Uni-T,513,1,0
Lutis,513,1,0
Mr. Swords Dance,513,1,0
ReverbNaturel,513,1,0
Mingo,513,1,0
Kaisaac,513,1,0
ForHim.,513,1,0
