name,sumPlacement,amountJoined
Altulo,26,2
Palazuelos,85,4
Magic Trumpet Man,3,1
Summers,91,4
Enif,5,1
RickX,390,2
z0mfg,7,1
OsoPalita3,40,2
Kuzanagi,18,2
Zeppo,9,1
Shuflux,9,1
Sebacena,13,2
Erv,13,1
Awer555,78,2
Hgrb,13,1
Grima,13,1
SCMC,17,1
Juan Andres,17,1
S1rlo,17,1
SrJoseph,17,1
Crvaz,17,1
Riku,17,1
Gamer Freak Edy,17,1
1809,17,1
LLS-SMX199,25,1
Panda,25,1
JeWolf,25,1
Kirbyfan,608,8
Soggyhondo,25,1
Pacsoad,25,1
Flamenco,25,1
Estefanía,25,1
Doc Cc,33,1
Robburitto,33,1
Hadez,98,2
Skebas,33,1
Rw44,33,1
0PR3S0R,33,1
Shoba,33,1
Hedgy,33,1
Jumpboy,33,1
El Tonkas,33,1
guaxxxo,66,2
D.danger,33,1
ElFoco,33,1
DonPapaDon,33,1
Arises,33,1
Mafu,33,1
Kamina,49,1
Choko1000k,49,1
Gume13963,49,1
Mika,49,1
Daybreak,1,1
Doorstop,2,1
Nicko,3,1
Kepler,4,1
Linus,5,1
Roxas,5,1
Lavish,7,1
Yoderlaheehoo,7,1
Winter,9,1
Superhero,9,1
Aquatic,9,1
The Bowz,9,1
Dice,13,1
OG Derek,13,1
thicc nicc,13,1
Hex,13,1
EXO,17,1
Glacey,17,1
smasher1001,17,1
Parrymaster,17,1
PC3X,17,1
aqua,530,2
Hawk,17,1
triscuit,17,1
PeachesOHKO,25,1
Spection,25,1
IvyN,25,1
JADO,25,1
Kyronic,25,1
Oz!,25,1
RYAQN,25,1
Camel,25,1
Melonz,33,1
Fraudit,33,1
!Avien,33,1
Chia,33,1
BANG!,33,1
Rakun,33,1
Boingboingsplat,33,1
Hjarta,33,1
Metallious,33,1
Mastagrass,33,1
HardLarry,33,1
Pikmanz,33,1
kreg,33,1
AceDeuce,33,1
Goof,33,1
zinkus,33,1
TyChi,49,1
BuggaO01,49,1
CJBubblesVR,49,1
JJV,49,1
Lightz,49,1
HyperGlaceon,49,1
Sliggins,49,1
Darunia,49,1
ETHBK,49,1
Polywow44,49,1
Blitz,49,1
Zenyou,1,1
Guts,2,1
BryBry,3,1
Ki,4,1
Luffs,5,1
Marley,5,1
HLB,7,1
Ant,7,1
JTab,9,1
Zandømø,74,2
| Gappy,9,1
Kiyarash,9,1
h_,13,1
Whimsy,13,1
Nexus,38,2
"77, 77, 777, 77, 7 777 7",13,1
AKu,34,2
Jeski123,17,1
Cheesecake,17,1
SM,17,1
Bobthedusclops,17,1
JSlayer,17,1
PSIguy,17,1
LEWK,17,1
Daftcues,25,1
FatGirlz,25,1
ChaoticD,25,1
BirdUp,25,1
Based,25,1
canvas,25,1
Big Man,25,1
Bombchu,25,1
7ate9,33,1
LordPaletuna,33,1
Kingü,162,2
Psycha,33,1
Youngster2402,33,1
CrowCrow,33,1
Msquared,33,1
Mel0w,33,1
Jonah,33,1
OKUMA,33,1
Purgatory,33,1
Gerbo,33,1
Quick,33,1
Z-Kid,33,1
Saint Hentai,33,1
megaZXnoah,33,1
SP,49,1
Rubik,49,1
Key,1,1
Christian,2,1
Hydrant,388,2
Eggman4Smash,53,2
rm8,5,1
Zayn,200,3
#1MandoFanGirlAccount~,117,4
シT34シ,219,5
chcrain,21,3
Nicon,9,1
AnthonyIsntCool,34,2
HM,9,1
Requiem,97,4
Yoyo,13,1
Astro,78,2
guac,13,1
Necro Z.,17,1
Syrup,402,2
Something,17,1
Shrimp,17,1
Ferolyo,29,3
snakeeyes,82,2
djcooler50,17,1
Chubs,17,1
C-Section,25,1
Droogan,103,3
Nova,50,2
Koro,25,1
Mixtery,71,3
Madasti,154,2
Shaine,180,4
ShinySeeker,25,1
Arrow,33,1
Margaret Thatcher,58,2
kaio,33,1
osu!gamer,33,1
LGTV,33,1
Waifu,33,1
Cartercito,46,2
Coolness0228,66,2
kero,155,3
FalconXD,33,1
LogistclNightmr,33,1
Blue-,33,1
A Cute Shape,33,1
Toastfish,33,1
RobinTheJoker,33,1
AT46,91,3
Alpha,306,2
Mr. Rye,49,1
BowWow,178,2
piko,49,1
Guzmàn,148,4
Lazuli,179,3
Kirbiny,49,1
Jerry,82,2
No Mercy!,49,1
texas_7_drw,49,1
Bigk5556,75,3
Peppercorn,82,2
Skido,403,3
Omen,74,2
KOOBA,49,1
Kool K,276,4
ávo!,65,1
MrJJBiscult,65,1
Jdubz,65,1
Pep,65,1
BOOTY_HUNTER,65,1
Zillo,291,3
VectorGun,98,2
mReed,65,1
Epicshaner,65,1
LucasPog,65,1
Mike.mezzy,65,1
lordshawn,196,4
ComplexRolls,65,1
Chrisiswavy,65,1
Q-TIP,65,1
WiFi NeSs,130,2
Advent,65,1
Peemp,90,2
The Final Boss Melashu,155,3
Komodo,65,1
Jaj,65,1
MeleeCreeper,65,1
Jay Starr,65,1
Nsanity,65,1
EmLo,139,3
Velasquez,613,5
LotusVII,130,2
MJI,89,3
Freetox_,1,1
Tropped,2,1
Xenesic,3,1
Kace,4,1
Hugeaux,5,1
Lioko,5,1
Tofchrist,7,1
Ipove,7,1
Lucario Galactique,9,1
Neibaf,9,1
Yanos,9,1
Raven,9,1
Charley McToasty,13,1
Azeria,13,1
Zariouqe,13,1
Gio Brando,13,1
LexoRom,17,1
Val,17,1
Hrist,17,1
V3rgetur3,17,1
Kichiro,17,1
Boya,17,1
Uncivil lion,17,1
Glow,17,1
Metal,25,1
Ariisu,25,1
Palouse51,25,1
Nanou,25,1
Alu,25,1
elo,25,1
Dyl,25,1
rgb,25,1
Flojirok,33,1
Altrex,33,1
LEST,33,1
Exkka,33,1
Nounouye,33,1
Médol,33,1
| Sen,33,1
ploiw,33,1
RadikalRay,33,1
Nixx,33,1
Ez,36,2
Bushido7,33,1
$picy,33,1
Olex,33,1
Anzu,33,1
D4MI,33,1
Levø,49,1
Hapi,49,1
BuseVape,49,1
EZ,49,1
Cotty,49,1
Luugi,1,1
Raime,2,1
RMH Henryk,9,2
Agent,4,1
Tarik,5,1
Gigglezz,5,1
honey_o,14,2
SP1,7,1
Xcurr but who?,9,1
snowglobes,9,1
Some Absol,9,1
Hareta,9,1
Selkie !,13,1
DanteX2o,13,1
Lactuas,13,1
doperman,13,1
ElSantoGTZ,17,1
Chiken2020,17,1
Nezz,17,1
Noxumbra,17,1
JoyKong,17,1
Spag,17,1
AirborneArcher,17,1
Wing,17,1
BaconBeard,25,1
TooN,25,1
Coolkingz,58,2
Beast King,50,2
Shikamounty,25,1
Plagio .-.,25,1
lukeydowell,25,1
Sapphire99,58,2
TheFieldWarrior,33,1
SS11,58,2
noname536,33,1
Pires,33,1
Typh,82,2
Bengus,66,2
Paky,66,2
Shish,33,1
Darki,58,2
Mbp,33,1
GameGater,82,2
Jeanne,33,1
SPLAT,33,1
SquidSnipe,33,1
Osamudiame,46,2
Ozzmaniac,50,2
Strega,49,1
Randm,49,1
iambruh,98,2
UnityFTW,49,1
piss,49,1
H,49,1
EniTheKid,49,1
Kaan,49,1
Zetsubo,49,1
TheDaddySpice,49,1
Skill^2,49,1
Kretin,49,1
Sma,49,1
EuanTheBest,49,1
Snoc,49,1
Gemini,49,1
DeltaNS,114,2
BIRDSSSS,90,2
Splendour,65,1
Hannibum,65,1
Bloofey,65,1
High_T,65,1
Kyra,83,2
Beloved,65,1
Koenbc,65,1
Wangers,162,2
Leixou,65,1
Joebeefcat,65,1
Mattmaster69degreez,65,1
Longo,65,1
ganoot,65,1
OnlyE,65,1
Tree,114,2
Khenan,65,1
Zombiebox,65,1
Palapin,65,1
Castel More,65,1
DutifulFuture,65,1
Akame,65,1
Reflet,121,2
NGC,65,1
Cdog906,65,1
BIGGYROFAN,65,1
Takeo,66,2
JakeSynix,65,1
eSaint,65,1
Shiekah,65,1
Theflyingdunker,65,1
MLGPRONOSCOPER,97,1
Koip,97,1
Klazo,97,1
Valmet,97,1
Gabriel395,2,1
Snow,93,3
Zeno,4,1
44,5,1
Yonie,5,1
Rem,7,1
Tedix,7,1
Beetlejuz,9,1
davez,9,1
Wolfy,9,1
Eddy,9,1
Faillord,42,3
KogaMeijin,13,1
Veljko,13,1
Jerkol,13,1
Spachtel,17,1
Domi,17,1
Graivend,42,2
Sansero,60,2
Gayaa,17,1
Dunkmaster,17,1
Toasty,17,1
Loxcess,17,1
5lothLIVE,25,1
Ebay,25,1
Dango,25,1
GeaR,25,1
Joshi,25,1
BHS-Mann,25,1
Darkspine,25,1
Fritte,25,1
Davai!,33,1
Simpl,33,1
Der_Boot,33,1
Panfi,33,1
Mitzkazi,33,1
killua,33,1
SynnKo,33,1
6,33,1
Kinzu,33,1
xShaXo,33,1
Yeager,33,1
Redegi,55,2
Tarmiel,33,1
JustSkda,62,2
Chicken,33,1
Justn,33,1
Cryptex,49,1
SaikQ,49,1
Oualid,49,1
Saphi,49,1
F-A-!-A,63,2
BeToBBX,49,1
Liquid,49,1
Freacks,49,1
SG#Adri159,49,1
RRR,49,1
Soulhunter,49,1
Nishfish,49,1
Jokemon,49,1
Jesis,49,1
Slate,58,2
Silverfox,1,1
Infamous,2,1
GOHAN,3,1
Zeppeli,4,1
Doodlebob,5,1
Panchos,5,1
Mister Toon,7,1
JuMpZ,7,1
PaniKing,9,1
spot,9,1
Tr33,9,1
Wobbie,9,1
Ranch Raccoon.,13,1
Peter the Great,13,1
Jimmychanga,398,2
Rdog,13,1
Carnage,17,1
Luna,17,1
Fzekan,17,1
swag,17,1
Vision,17,1
Crow,17,1
Blane,17,1
muddy,17,1
GreenThunder,25,1
Speedy,25,1
Trippy,25,1
Soul,25,1
Fear,25,1
Lloydqrow,25,1
Meow,282,2
Bsphere,25,1
Flarence,33,1
umanz,33,1
Gemini3,33,1
Gonza,33,1
Stryker,33,1
Lanturn,33,1
unclebob,33,1
lilbigestjake,33,1
Mattchew,33,1
Felic,33,1
Art,33,1
Spice,33,1
Beebe,33,1
SlowBruh,33,1
AnotherOne,33,1
Akatan,33,1
jantheman,49,1
rocky,49,1
Kinda,49,1
SirajBP,49,1
HelixHD,49,1
Salty,49,1
Darling,49,1
Nieves,49,1
Butcho,49,1
Juan4All,49,1
Sytheon,49,1
King Squirtle,49,1
punkin,49,1
Dachi,49,1
Abdo,49,1
Delta Dawn,49,1
SheikFreak,65,1
ammisleh,65,1
Hanz,65,1
Max Cloud,65,1
Glavid,65,1
Mysteri,65,1
MFA,98,2
Citadel,19,2
Lights,25,3
Jeepers,4,1
MinMineral,5,1
Lil Jay,14,2
Near,58,2
VersaDile,56,2
Genetic,9,1
SweetLew,42,2
Ace$,9,1
Melandriq,139,3
ProtoMania,13,1
Aynim,13,1
Husk,13,1
T8N,13,1
C.Kaleb,17,1
Koda,155,3
ZimZam,508,4
Poocario,243,3
puffjiggleson,17,1
Waffl3ninja61,17,1
ArchAngel,17,1
Jonathicc,308,4
hidN,25,1
Beast,25,1
LingLing,25,1
Jrgreen,25,1
Dax,357,5
@pinkbombo91,25,1
VoltaicAstra,25,1
VictorB,25,1
rolo,33,1
beancake,33,1
SwagFox,33,1
EtherRealm,33,1
DarkAngel,33,1
R.D Gamer,33,1
Woodchuckman,33,1
LØRE,82,2
JayRay,33,1
Kiro,33,1
Panther,46,2
cass,33,1
SlimeJR,33,1
SANTI,33,1
Kwan,75,3
E2-P2,33,1
Jake,483,3
XxWilburSootStan2015xX,49,1
Goljee,49,1
Enarmonía,49,1
Mythio,49,1
Sogoodpop,371,3
Vaquero,49,1
9superpie,49,1
sherm,49,1
KBean,85,3
James,114,2
MF Ultra,49,1
Gotennn,49,1
StayFun,49,1
Roberto Robato,65,1
Nines,36,2
Daige,2,1
DezoTwist,3,1
Penne,4,1
| Naj_SSBU!,87,3
Sudo,7,1
OVA9k,188,4
ShineBurst,13,1
Darkjak,270,2
Saber,110,2
Chipz,17,1
Benja,195,3
GRiMSPR!NT-|-,228,4
Sauté,114,2
Tomato!,17,1
Dabilahro,492,4
Madara,156,4
velo,17,1
Gracbroton,25,1
SkyWaave,25,1
AdrianYogi,90,2
Blo0mDoom,25,1
Sjoseph,74,2
Depressed Kirby,33,1
Barack Obama Gaming_SSB,292,4
Mtkat,212,5
TrueDingus,42,2
JP,33,1
Sora20,33,1
Tanya Degurechaff,33,1
vizio,277,5
XxBanjxX,290,2
Wombo,195,3
Dropkick,33,1
Gato,34,2
Hoshi,33,1
David_H,82,2
GoDMoDe,98,2
Gamma,49,1
Metabee,131,3
Poobii,49,1
Papots,49,1
Mirza,82,2
SFUL,82,2
muffingobrrr,49,1
Galick,211,3
ThatAnnoyingPlayer,49,1
Hydro,82,2
Johnnylaw,1,1
Sengi,204,3
Blender,3,1
Gabs,4,1
lukey,5,1
Portor,38,2
Balltze,7,1
Pochacco,7,1
Sp3ctra,443,3
IX5,9,1
Jellyfish,9,1
nail_HK,13,1
Piggy,13,1
Oonagi,13,1
redmix,13,1
FaTe,17,1
Player 9,17,1
Pixel,17,1
Juliusplex,17,1
Viridian,17,1
ChiefAngel,17,1
Sploot,17,1
Pedroz,17,1
LQVKat,25,1
iceY,25,1
JayDee,282,2
Boreal,25,1
Cobra4244,33,1
Breozy,547,3
StarLord21,33,1
Oric,147,3
xenryo,144,4
Aachoo,418,2
Pinhead,33,1
Hitman,82,2
Pancakes,33,1
Danny Fathom,33,1
Ants,33,1
Lurakx,49,1
Tresh#1924,49,1
Vonatello,49,1
Kling,242,2
meikrofon,49,1
Chag,1,1
| Morsalsa,28,2
Slurmp,69,2
SuperStriker,5,1
Klein,7,1
Atomic,56,2
Ratking,9,1
Micro,9,1
Pokelover46,13,1
Youpop,13,1
| Shigura,13,1
Yusuf,13,1
Majestic Souls,17,1
Tato,17,1
D3_Will,146,2
Pachacamac,210,2
Zam,17,1
ChaDø,17,1
SuperJew Yaqov,17,1
Captain Yellow,17,1
CEO Of RNG,42,2
GoldBlox,74,2
Cujo,25,1
Tractor,25,1
Hope,25,1
GNes74,90,2
Mudkipy,25,1
William,33,1
CruxisPhantom,33,1
Echofire,40,2
Karon,33,1
Kaichus,98,2
Uppish,38,2
AJ DOHHHH,33,1
NPRoyalty,33,1
Ducky,33,1
Inlajin,82,2
WaffleMan,33,1
theycallmegaybe,33,1
Yumekui,82,2
DuckyTheConPlayer,33,1
YuYu,66,2
SuperSamir,162,2
v2,49,1
Wazowski,49,1
Yarkster9,49,1
FN/RayZenK,146,2
esqimo,49,1
NecroBlaze16,49,1
Robbie,49,1
Scarlet,114,2
ily,49,1
MikeyPie,49,1
Swixiz,49,1
J4Ncp,49,1
SK,125,3
Yaemori,49,1
Stocky,49,1
Flair,65,1
| Just Blue,65,1
Br1 AV,65,1
Likwd Dj,65,1
possibly cannot be noah,65,1
Paula,65,1
Thepolishshibe,65,1
Niccorjai,65,1
SHRick15,65,1
Ekiloxe,65,1
BIGGMEAT,450,2
Chocolate Milk,65,1
Kegaku...?,65,1
Hungrybox's cat,65,1
Ground,65,1
RattleLad,65,1
Bluebomberman,65,1
csia,65,1
Jin Schnee,65,1
Hurricane,65,1
CatNip+,65,1
ImV4Vin,65,1
Bruho,65,1
E T han,65,1
Derpington,65,1
Harrisonjersey,65,1
KiddKyu,65,1
Narra,65,1
NIMBUS,65,1
Anality,97,1
TidalTao,259,3
Chez,97,1
Freewifi,97,1
Caden004912,97,1
Queen,97,1
R U OKAY?!?!?!,97,1
Yishi63,354,2
Rageface090,130,2
CCarver,97,1
Cake,162,2
Chil,97,1
Cryi,97,1
Venice,97,1
Kanto,97,1
Sawdust,97,1
Shrek,97,1
HesTheMetaAfterall,97,1
AJ,97,1
NutWulfxd,97,1
OmegaTurtle,129,1
valentine,146,2
Mønti,129,1
rickyboyo,129,1
Sumi,129,1
Tails.exe,129,1
Seraphim444,129,1
CoVa,129,1
Cookman,129,1
Dućk,129,1
Geraldox,129,1
Zigisfredo,373,5
Derp,129,1
MHunterFE,386,2
KING,839,7
YoKryptic,243,3
CMFP,129,1
TEEJOMP!,129,1
LD Deku,129,1
Dmitrii,129,1
ChillQuillz,129,1
CryoComet,129,1
hyde,129,1
Freddy fax,129,1
Flambo,129,1
MemeMasterM,129,1
Scaff,129,1
Frøst,2,1
Amalthus,3,1
CaptainCarson,101,2
xXBig_Boner_Owner_39Xx,5,1
LMan,5,1
YaBoiJT,264,2
Stronghold,9,1
Sir Luscious Left Foot,394,2
Xx_1tchy_84ll5_xX,26,2
Ra,9,1
BeastModePaul,398,2
Zozo3804,13,1
dwizar1,13,1
Dark4orce,17,1
Juami,17,1
milkcup!,17,1
Shdwemp,17,1
Mista-M00,17,1
LocoDz,74,2
Taco Tony,25,1
PatchSlaw7,25,1
Taz,25,1
Sho,25,1
s,25,1
Purin,25,1
Cheesebslls,33,1
a bottle of fiji water,33,1
Ultraasher,33,1
NamiLover,33,1
Chariot,33,1
Von Solo Dragon,33,1
Sonic_Arrow,33,1
SrJorjoroY,33,1
TheChosen1,33,1
Stage Hazard,33,1
TapuCocoa,33,1
Bloomy,49,1
BigBoss,82,2
MasterKill,49,1
Radiance!,49,1
Trig Daddy,49,1
Ketra,49,1
TheXDestroyer,49,1
Capsid,49,1
Chris,49,1
JDV,49,1
Jr,49,1
Kyë,65,1
duchy101,65,1
GAME,65,1
Selegna,65,1
HACHi,82,2
Blue Ninja,65,1
Edog11,65,1
Atakan,65,1
Bradurjen,65,1
Noodles,387,3
Slinky,258,2
Son+,65,1
Karbles,65,1
Kit,65,1
Leonine,65,1
MAC,65,1
Nalga,1,1
Yael,2,1
MissyyMayy,5,1
SickeningFever,5,1
vacaTHEkiller,7,1
MrM,7,1
Javi,9,1
Edu,26,2
YIGA,34,2
cesarXfire,9,1
Sout,135,3
JR.,13,1
Gohan McCloud,13,1
Celtic,17,1
SBx|Lenroy,17,1
nava,17,1
Zword,17,1
RadioOvni,19,2
Pi,17,1
Topo,17,1
Paulovsky,25,1
Namiko_Z,25,1
Lexissu,25,1
Gravity,25,1
Many,74,2
JoseGP2077,25,1
Kael,90,2
Gokunzalez,33,1
Silver,40,2
Litt,66,2
DNY,33,1
Wazamamerto,33,1
|Ceballos|,33,1
Shawnz,33,1
Istva,148,4
RichrRo,33,1
EmmaHG,33,1
Teek,33,1
Gungnir,58,2
TitoR,33,1
Lucas,33,1
Yagui,49,1
Tsuna,434,2
Pollux,49,1
TYR,114,2
Jero,49,1
BandanaSW,49,1
Ikesaac,49,1
Kazuhira,49,1
GenuineProphet,49,1
Guilheww,146,2
R De Alma,49,1
Mayoneso,49,1
Rito26,49,1
Winijumbo,114,2
IsraZX,65,1
SBX/STR Rocket,65,1
Tyvant,65,1
Delg,65,1
Xerzal,14,2
Neutral,132,2
Rozden,4,1
Skittles,5,1
Lapras,295,3
AC3GAM3R,7,1
skeptical,7,1
Taka,9,1
Doogy,9,1
L.A.W,9,1
SIke,9,1
PlusleGod,206,2
Snowski,13,1
nano,13,1
Lilac,13,1
Cedric,17,1
squirrel,17,1
MainEvent,17,1
zickser,17,1
Puchi,17,1
Kelsey,17,1
Cyphn,17,1
Strato,17,1
ReeBassist,25,1
NiceOneBakery,154,2
Straitblanchin,25,1
noots,25,1
Trojan,122,2
Mako,25,1
Skype/tenshinX,25,1
suzie crabgrass,218,2
Seventh Deven,33,1
Pi9876,33,1
-HP-,33,1
Frog,98,2
Pazuzu,33,1
TDSP,66,2
cgt,66,2
Gamer,33,1
0-2 andy,33,1
Star,33,1
Cortex,46,2
KarZ,33,1
JJTheB,82,2
Buff Mac,439,3
Supermario,49,1
Neki,49,1
RandomEDay,49,1
heyman112,82,2
Hshadic123,49,1
Desk,1,1
RyzenNess,2,1
aquaze,28,2
Falkion,5,1
Dark Falcon,5,1
Sweshi,169,3
Yrc,7,1
BroKen,75,3
StriderX,9,1
Poncho,9,1
ZeppPuff,9,1
Deliboid,13,1
Grimturtle,13,1
Bmm404040,13,1
Lavender,13,1
Ikana,22,2
BiscQuit,17,1
Moxie,17,1
pluie,17,1
_ZoroCR_,17,1
Lenks,17,1
SATA,25,1
Saturnn,25,1
fatcat,25,1
Antithesis,25,1
Miruku,25,1
Mr.Raisin,25,1
Oni,33,1
DustyNuts,33,1
| Mudskip,418,2
Soy,418,2
Goofy,33,1
KuNoah,33,1
Mathematics,33,1
nazura,420,3
ANJELLOH,130,2
Frost,33,1
Shatdabot,33,1
Raptor,33,1
Eyas,33,1
Gunker,49,1
Mugiwara,49,1
hollow,49,1
Mabel,50,2
Am3thyst,49,1
FoughtHBoxWithNoLan,178,2
MrWii,49,1
Conch,49,1
Sebydoodle,49,1
Dawsk,49,1
Biscotto,49,1
CK,49,1
peparony,90,2
Gold,65,1
Leonfe,98,2
RaysRedemption,82,2
Mr Hokckey,65,1
Legend,65,1
Rabo,90,2
E-Gar,65,1
Soul Breaker,65,1
Mr.meme,65,1
MikeyProHD,65,1
RIPE BANANA,65,1
KaizokuLizzy,65,1
Kebling,194,2
SQUALL,65,1
wow!,65,1
CappuGeno,65,1
Asimmi,65,1
Amarantha,65,1
Breeze,65,1
Legoguy,97,1
okoop6,97,1
Ziggens,122,2
Prunz,97,1
Sharpedo43,180,4
Treachery,97,1
Gr3ase_M0nkey,97,1
Nagisa,146,2
jo,386,2
Babino,2,1
Safzai,3,1
Sky,4,1
Euphoria,54,2
Fhantum,54,2
_trey5,40,2
Radical,9,1
| Schiikk15,9,1
Arcus,9,1
jason,13,1
Trips,13,1
SmilEyOmLet,13,1
NoNeptune,26,2
Astori,17,1
diamondupree,179,3
Vykedaddy,179,3
NT,30,2
RiasMemeGod,66,2
Noxl,17,1
Orasorb,25,1
| Future Doctor,25,1
Golli,25,1
Hockey,25,1
Salad,58,2
Densetsu,66,2
Maj0ra,33,1
LiteralSoyYo,66,2
T-sizzle,33,1
Cott'n,33,1
Risk,98,2
Minejack777,33,1
KaGe,33,1
mellohi,33,1
rekt_dim,49,1
T3 DOM,1,1
Venus,2,1
YMCA,3,1
K9sbruce,4,1
Phoenix,22,2
White Nova,5,1
Linky,7,1
AC,7,1
| Kyros,9,1
M.M.Leo,9,1
Floppeh,9,1
?,9,1
Jesse Water,13,1
BashLuv,13,1
Shangrai,13,1
TheeR3dFox,13,1
Abe,17,1
JustOmega#8404,17,1
SoulX,17,1
Skydra,17,1
perc lord,17,1
Ace!,17,1
danlistoo,17,1
FrontalHornet08,17,1
Spanky,25,1
ChaseMe,25,1
Lenny,25,1
LaV,282,2
Tearbear,25,1
Simple Soul,25,1
Fluteloops,25,1
VG,33,1
ceej,33,1
Silla,33,1
Katz,33,1
Eggie,33,1
Beef,33,1
Pan Dulce,33,1
JoMammis,33,1
Yogi,33,1
miko,33,1
Phire,33,1
Zenokids,33,1
Tenebrae,33,1
KALi,226,2
Nem,33,1
A Pile Of Bacon,33,1
Gir,49,1
Lavabeast,49,1
ReddWolfe,49,1
MaChamp01,49,1
Turt,49,1
D3adNess,49,1
Khoi,49,1
Chesnut,98,2
J.O.S.,242,2
Limit,49,1
JoBro,49,1
Acesgalore,49,1
Jackfruit,98,2
Astra Wolf,49,1
DoubleXP,49,1
Cutiecake,49,1
AL-1,65,1
John Barrett,1,1
RobbieAK47,2,1
Logue,3,1
Dawg,4,1
Siron,5,1
Sansi,5,1
Claw,7,1
alx,9,1
Ramustelija,9,1
AstralGDAKA!,9,1
K.p,9,1
NinYT,13,1
Caecilius,13,1
Pyrum6,13,1
Smirgel,17,1
Inias,17,1
Midoriss,17,1
Scrob,17,1
MazeBeans,17,1
Tea Oh Kay,52,2
DaSquid,25,1
RNG,25,1
Metal_Militia_,25,1
Strongpig,25,1
Oshiegbu,33,1
Ruthless,33,1
FTH,33,1
Extrick,33,1
Kaiisah,33,1
Ptr,33,1
Danger,33,1
XPino,33,1
Denozba,33,1
ChickenArrow,33,1
Izu,33,1
Mante,33,1
Solar,49,1
DK Dyl,49,1
Geronimorino,103,2
Drathian,49,1
Rise,49,1
MemeGunner,49,1
drif,49,1
Sencho,49,1
Sumk1nd NF,49,1
Chaosrevenger,49,1
GuiltyPleasure,49,1
Atlas,65,1
dryB,1,1
Tunbi,2,1
Haeschen,3,1
Repus,4,1
RobinGG,5,1
Amoht,7,1
Icrysta,8,1
Geeni,10,1
TMario,11,1
[E]rik,12,1
bob,15,1
Eclipse,28,2
Nim,17,1
Joni,18,1
Odnamra,20,1
seesen,20,1
Vulk,22,1
Despair,22,1
Skail,25,1
pille,25,1
Bluetenx,27,1
Saiko,28,1
slowmo,30,1
DerTypDa123,30,1
FischiiLuca,32,1
Eyce,33,1
Dty,34,1
OG Jason,35,1
Kaktuserde,35,1
YiYa,35,1
Brittle,35,1
viscacha,35,1
марио,42,1
Ripha,45,1
Octowyer,46,1
woodstock,47,1
Dawu,48,1
aRa,49,1
Nidaime,49,1
ALXtreme,52,1
PADERBORN;,53,1
Cesu,54,1
sourc,56,1
NatsPT,56,1
Pasiboy,56,1
Zeta,153,2
Sen,56,1
hydrofx,56,1
Elegant,1,1
ven,4,2
Tux,3,1
Theedium,4,1
FOW,5,1
frawg,5,1
Caius,7,1
Leo D. Haki,7,1
Gibbles,9,1
Scisto,9,1
Mishunz,9,1
IllusioN,9,1
AmberZephyr,13,1
Ronnie,13,1
Zer0.exe,13,1
Toski,13,1
Armo,17,1
Aloe,17,1
Scaper,17,1
chickncup,17,1
Brosinex,17,1
Hue,17,1
aChunkeyMonkey,17,1
Champbe,25,1
Laelaps,25,1
KirbyMlgnes,25,1
Popadopalis,25,1
MrCupKakes,25,1
Quillen,25,1
Poi,25,1
Sad Boi,33,1
Monarch,33,1
Cora Frost,33,1
DonovanTrp,33,1
Ankles,33,1
JBDuncan,33,1
Thumb,33,1
h,33,1
Jank,33,1
hectorjunior710,33,1
Frito,33,1
BOAT,33,1
Kojakx,33,1
Harryparrry21,33,1
Chiva,33,1
action,49,1
CO3,49,1
pepperthegamer,49,1
TheBlueLink,49,1
Ricenpai,49,1
Spammy,49,1
Night,49,1
RemyTH,49,1
Punisher,49,1
clonepa,49,1
Ma víe,49,1
dangerboi64,49,1
A18,49,1
Rabbit,49,1
Pollo,49,1
scarysapo,65,1
k-os,65,1
Doorto,65,1
MaddoxGamer3000,65,1
jarool,65,1
Sparklly,65,1
howyadern,65,1
Gawain,65,1
Rextrem9956,65,1
Ayter,65,1
kjay,65,1
mcballer,65,1
Shmeeko,65,1
PiddQuinn,65,1
I Like beans,65,1
Mochiiiii,65,1
menate7,65,1
curiosikty,65,1
PreKnown,65,1
Flame29,65,1
maka,65,1
4ner,65,1
udonegoofed,65,1
ChemicalAlchemist,65,1
unx,65,1
yoshi,65,1
snowstorm,65,1
Gabe,65,1
PocketSocket,65,1
KTS,65,1
GNT,322,2
Kurshaun,1,1
WeaponRaid,2,1
Genius,134,3
Vega,5,1
Croissant,200,2
αngeloid,7,1
PrincePurple,9,1
InsertName,9,1
Beanz,402,2
Dungam,17,1
Snowbelle~,17,1
tg,17,1
Ma-kun,17,1
Rett,17,1
Rose~,25,1
NoisyMeteor,25,1
TGL,25,1
mattvxd,25,1
severedwings,25,1
Dana,380,4
Dark Mage,25,1
Nest,25,1
Mapl_3,33,1
Ivanchis,33,1
Vapor,33,1
Blutsauger,82,2
jumbojimbo,33,1
Draco,355,3
tradecraft,49,1
TheAnt,49,1
No Name,49,1
Gritanx,49,1
Thomas,49,1
Clu3less,49,1
gelato,49,1
Tanaka,49,1
Potatoman,146,2
SprYTe,49,1
Trenko,1,1
The_Hunter,3,1
NibbyNibbyNub,7,1
6:00am,9,1
Yalmanac,9,1
Koolst3r,13,1
ZeXa,13,1
NickSF,13,1
Mejor,17,1
Blaze,17,1
TTV/LeMonkeMan,17,1
SilverWolf,17,1
Meatflap,17,1
Kengar Dongatron,210,2
StarZ,17,1
Agent E,17,1
MeowmiXX,25,1
Kitana,25,1
Vital,282,2
BOSFD,25,1
Kylin D,25,1
Spoopy,25,1
Coltman,25,1
cprime,33,1
| Mr Mystery,275,3
ShadowBlack,33,1
Red0,451,3
Ascension,33,1
Shino,33,1
Mr.Alonso,33,1
Mr_Mugz,418,2
ItchyBlackall,33,1
VibePrince,290,2
Blockgaming,290,2
Ymerej_,33,1
Alexshrine21,49,1
Camaraderie123,114,2
Netherlord64,49,1
sandy!,434,2
Grateful,49,1
snaz,49,1
MrHappy,49,1
Diva,49,1
Changoderas,49,1
Luminal,49,1
BiggieBeezy,65,1
SpagEddie,65,1
Goldenknife,65,1
iamhulkgrr,65,1
Ennui,65,1
Pkoke0,65,1
Papermario,65,1
Beginner Player,65,1
BDawg,65,1
ElJosepe,65,1
Oyaji-chan,65,1
javi64,65,1
GBear,65,1
Pyre,322,2
OnlyHalf,65,1
Mute,65,1
Buchanan,65,1
Faith,65,1
Elite,578,2
Zeoux,65,1
Squidley,65,1
Mushman,65,1
Phantasmagoria,65,1
Sinbad,97,1
Jacoobi,97,1
TonyBalony,97,1
Shadic,97,1
Power,482,2
PMT,97,1
identikit,97,1
AGoat,97,1
Atheym,97,1
Ish,97,1
BiG bOi,97,1
J3r5h0n,97,1
Fitzy,97,1
チカクラッチ,97,1
Guapo,226,2
G4,97,1
Morrick,97,1
Stockings,482,2
Choice,97,1
Colmar,1,1
ARJAY!!!,2,1
Don_Padrino,3,1
Rews,4,1
Toasted,5,1
p0wer,7,1
Skew,7,1
5k,9,1
GucciMemes,9,1
Robi,9,1
Nebby,13,1
Arctic,13,1
Glentendo,13,1
Thatkidds1,17,1
Kenmister1,17,1
T5Cloud9M,17,1
Lilo,25,1
eof,25,1
Oxygen,25,1
LocalmanMatty,25,1
Zariez,25,1
MEGA CHAD,25,1
Rocknerrad,33,1
MKThéo,33,1
Erman,33,1
Stelter,33,1
ShulkerZ,33,1
frangramz,226,2
Cable,33,1
DM2,33,1
Whiffy,33,1
Akoabelle,33,1
DDog,147,3
D4C,49,1
JustynTime,49,1
SlushieV1,82,2
Null,49,1
Antimony,49,1
TwoZeezs,49,1
n,49,1
Sauceyz,434,2
TVenomoth,49,1
CaLiBuRT3K,49,1
Lou,434,2
SoulEater,65,1
Boswer,450,2
| Rul3r,65,1
Kasp3r,65,1
Scrub_lio,65,1
Cam,65,1
KingStitch,65,1
Super,322,2
Justice,65,1
Funny Move,65,1
pennsmash,65,1
TiBRs,65,1
Stuffy,130,2
Ato,450,2
Drek_,65,1
Cpt.Toad,65,1
JaeŁen,65,1
House,65,1
B.W. Styles,65,1
Deathspade,65,1
Snombomb,162,2
Bean,65,1
CheesyhotdogGOD,97,1
JaZaR,1,1
Kraken,3,1
Ividal,4,1
Kuro Dan,5,1
WaKa,7,1
Conker,7,1
Dracoco,9,1
Aza,9,1
Phantom,9,1
J3F33M1,9,1
NeZo!,13,1
Packs,13,1
Altair,13,1
TÑath,13,1
Skylar,402,2
Moonl1ght,17,1
Clark,17,1
Maikchido,17,1
tona233,17,1
Tanfor,17,1
nouser,17,1
Maelo,25,1
GFalco,25,1
PISTY,25,1
Kavant,33,1
LLS Gera,33,1
Freezer,33,1
ZaLer-NT,33,1
Japi >:],33,1
Gunz,33,1
Matz,33,1
PeyoteNava,33,1
Shankusū,33,1
Amur,33,1
Firulais,49,1
Rito,49,1
17,49,1
Cobra,49,1
Gaxel,114,2
Kamui como naruto,49,1
inFAMO,49,1
DarkPixel,49,1
Emaリ,49,1
LaSinHueso,49,1
AkaneAM,49,1
Ghostboy,49,1
Diego4ng,49,1
Tu Papá,65,1
Dxtei,65,1
Greyhame,65,1
Zora :3,65,1
Kratos,65,1
Keqing,3,1
Mr. E,4,1
WaDi,5,1
PkChris,5,1
J.P.,7,1
Louir,9,1
Marvelous_Marco,9,1
FruitLoops but Pain,9,1
Kain,9,1
BlitzLuigy,13,1
Seth,13,1
prismoid,17,1
skuniar,17,1
X'avier,17,1
Mikerowave,17,1
Weiss,17,1
Dr. Iggy,25,1
Mar,25,1
Mr.Mash,25,1
Kresent,25,1
Bluxious,25,1
Scend,33,1
Kiwi,33,1
Shannen,33,1
Rapids,33,1
ramonM64,33,1
Hungrybox,82,2
NationWide,33,1
Sensei,33,1
Wilde,33,1
SGG,33,1
Unleashed,33,1
g4p,33,1
Serenity,33,1
PsychoWard,33,1
IJ,49,1
Pancake,49,1
HandballNat,49,1
Malikai,49,1
UtopianRay,49,1
BlazingBoy,49,1
echo,49,1
LoKi,49,1
Yashill,49,1
SKY Ice Blue,49,1
Robot Gangsta,49,1
Ph.D,65,1
Tetrax1590,65,1
Zris,65,1
LukasCorn,65,1
Alias,65,1
NadiA,65,1
KDK,65,1
Wearingmovie369,65,1
Despa,65,1
Ziude,65,1
NineTails,65,1
stevenshark,65,1
Mystearica,65,1
Dog,65,1
MaTA,65,1
elijmin,65,1
Mirai,65,1
deedles,65,1
TimeGear,65,1
ChewyHobo,65,1
Draymond,65,1
I REJECT MY HUMANITY,65,1
GabuGoo,97,1
Zuta,97,1
SLJ,97,1
Chrissy96,97,1
Tonik,97,1
Sunomin_,97,1
R.I.Pierre,97,1
wack,97,1
Chuky,97,1
Hpark,97,1
Yrneh,97,1
Steph,97,1
Sakura,97,1
FarmingSim,97,1
Vu808,97,1
Jbandrew,97,1
Keanu,97,1
Munchy,97,1
BICI,97,1
HAWTLAVf,97,1
Chunky,97,1
Tranquil,97,1
TheMintyOne,97,1
Dibly,97,1
seth,129,1
Squid,129,1
Leyva,129,1
Vins,129,1
Corruption,129,1
n0pe,129,1
Makki64,129,1
yonni,129,1
Rebel,129,1
Varpa,129,1
Spin,129,1
TRain,129,1
shoe,129,1
Kakarot,129,1
Henwy,129,1
Kisai,129,1
Thedoctor27,129,1
Izanagi,129,1
Rhomphaia,129,1
Styles,129,1
BluChicken,129,1
m0use,129,1
Dr.Liam,129,1
LocoLobo,129,1
KIROS テア,129,1
dablue14,129,1
Slushee,129,1
daft404,129,1
Jeanic,129,1
Vandalizzed,129,1
Dreamer,129,1
Gatsby,129,1
Waffle Warrior,129,1
JoStorr,129,1
Geronimo,129,1
trowftd,129,1
Schism,129,1
jim,129,1
doXa,129,1
Marcthesage97,129,1
JNap,129,1
someonegames,129,1
ZeBrA,129,1
yeeks___,129,1
Arkade,129,1
BurstLogic,129,1
unownlad,193,1
MikeBT,193,1
BestNess,193,1
Beyond9K,193,1
Cyphus,193,1
TaskMaster,193,1
8BitMan,193,1
Horse!,193,1
Yobudy,193,1
Henny,193,1
TKay,193,1
Cheeso,193,1
Zenza,193,1
Goose,193,1
Rev,193,1
Mike,193,1
Frezer,193,1
Theron,193,1
FiZiCs,193,1
Kuroashi,193,1
Kafonn,193,1
CallMeDead,193,1
Stone,193,1
Sip,193,1
JP_JoyCon,193,1
itsn0ahh,193,1
BadBoyRay,193,1
DF8,193,1
UncleGlowsticks,193,1
AndrewT,193,1
Karp,193,1
Eagle,193,1
ReZo,193,1
Trevdec29,193,1
Reelsteal,193,1
Bdon07,193,1
Mirage,193,1
BlazeK114,193,1
TaiSK,193,1
| Jex,193,1
Den,193,1
Arky,193,1
Paradox,193,1
Riaf,193,1
Harland,193,1
Doeboy,193,1
MC,257,1
SemiStable,257,1
Kiki,257,1
Red4Rage,257,1
Depredationz,257,1
krokmou01,257,1
Dari,257,1
mr.Juice,257,1
ユーシャ,257,1
Peter06,257,1
gLaM,257,1
brando,257,1
KevFZ0,257,1
xenovia,257,1
JeAl8a,257,1
Morphtronic18,257,1
Eggdarr,257,1
Trotz,257,1
Swizz,257,1
King K. Krocsucker,257,1
shamuslinda,257,1
WolfLink Pup,257,1
funky,257,1
Kiwii,257,1
Bug,257,1
migz,257,1
Pugi,257,1
djframe,257,1
Dr dank,257,1
StibWoods,257,1
SPARKLE,257,1
Sinister,257,1
DoritoBandito,257,1
Huncho Max,257,1
JX,257,1
NoxxStar,257,1
Frosty,257,1
Francox1069,257,1
Balubena,257,1
Miopanda,257,1
Yourbro,257,1
NC10,257,1
Link-182,257,1
de la O,257,1
Shia_AZ,257,1
n0b0dy,257,1
Gboy,257,1
Evilgoku,257,1
GiantBoo,257,1
Civil,257,1
Delirium,257,1
GamingBlockUltimate,257,1
Amaryllis,257,1
ultrainstinct2,257,1
The_StarNemesis,257,1
Ataski 起亚,257,1
ResonanceSpark,257,1
OCEAN,257,1
D-MaN,257,1
DINK,257,1
YūkiTrey,257,1
Lukuth,257,1
Mr.Anvil,257,1
YSJ,257,1
Trix,257,1
Arnold,257,1
notquentin,257,1
Spider,257,1
Dave_Strider,257,1
Gigan,257,1
Gotham,257,1
Icey,257,1
IJM,257,1
LMNTRIX,257,1
Loncho,257,1
obsco,257,1
AAMS,257,1
Melmuli,257,1
Phat,257,1
Ostinato,257,1
MuhLazer,257,1
Akrasia062715,257,1
Epic kalito,257,1
AricAttack,257,1
Tidal,257,1
Kara,257,1
fletcher,257,1
T_pot,257,1
Zaiko,257,1
Subtracty,257,1
Snackz,257,1
Dragneel,257,1
ADAP,257,1
JoaT,257,1
Laslow,257,1
SomeBrudee,257,1
Schmixed,257,1
Zoop,257,1
amazingMANdrew,257,1
Ryza,257,1
sAndo,257,1
Law,257,1
G_man,257,1
joshboi,257,1
Professor,257,1
leggy145,257,1
diegohd,385,1
BrooksGG,385,1
Cadeister,385,1
Special,385,1
POOPOOMA,385,1
Drewski,385,1
Yonbopgein,385,1
Xx2legit88xX,385,1
HeroNotebook,385,1
Avatar Kylo,385,1
jwalk,385,1
Nox,385,1
ACK,385,1
Streak,385,1
steamy,385,1
Beetus,385,1
HippoJust,385,1
DMC2,385,1
WebbJP,385,1
Roblee,385,1
Lul,385,1
LJ,385,1
Hippyjump,385,1
Yu,385,1
Pepidor,385,1
Natron,385,1
Galaxy,385,1
Poopdealer,385,1
CoolEvil64,385,1
Upstar,385,1
Urladbanana,385,1
ZeeZang,385,1
RedVolta,385,1
WizzyRadar,385,1
Robsleepsalot,385,1
Ritzy,385,1
Changuito,385,1
Djohnmark,385,1
mutespitah,385,1
Lekaj,385,1
Olego,385,1
dana_,385,1
DoctaJ,385,1
fools.,385,1
Baco,385,1
9Volt,385,1
nova,385,1
Lil'G,385,1
Dinomight,385,1
Snowman,385,1
Oofion,385,1
Warrior,385,1
$daogmiggy,385,1
NemesisStyles,385,1
SonataSunrise,385,1
Irony,385,1
G3,385,1
Mizu,385,1
TooMuchTM87,385,1
Jaction,385,1
CHAMP,385,1
RAGE,385,1
| Hellen,385,1
Meeps,385,1
IKO~FiSh,385,1
Gruntan,385,1
Nickster48,385,1
EHard,385,1
Crescendo,385,1
iKiro,385,1
Xurj,385,1
Walnut,385,1
Cruilator,385,1
funkyhippo,385,1
Impaler,385,1
Azel_S,385,1
151drum,385,1
Ronin,385,1
HE-MAN,385,1
The Sweat Slayer,385,1
clean,385,1
WhosNiC,385,1
Tenno,385,1
Nazier,385,1
Divine_CoolPool,385,1
ZoroHaki,385,1
Rondor,385,1
Hakaician,385,1
Rudyneff01,385,1
McClappin,385,1
TechLink,385,1
agni,385,1
Mr. F,385,1
JoyConHero,385,1
Durbxn,385,1
thermalcry,385,1
KSoy,385,1
Drek,513,1
ShinobiQueenV,513,1
ThatSpeedyGuy,513,1
ckeisig,513,1
Wheretabro,513,1
waifuSZN,513,1
Uni-T,513,1
Lutis,513,1
Mr. Swords Dance,513,1
ReverbNaturel,513,1
Mingo,513,1
Kaisaac,513,1
ForHim.,513,1
